{"type": "FeatureCollection", "features": [{"type": "Feature", "properties": {"county_fips": "13065", "county": "Clinch", "population_2025": 6847, "births_2025": 92, "anesthesiologists": 0, "anesthesiologist_assistants": 0, "crnas": 0, "pediatric_anesthesiologists": 0, "total_providers": 0, "physician_anesthesiologists": 0, "providers_per_100k": 0.0, "physicians_per_100k": 0.0, "also_serves_providers": 0, "hospitals": 1, "surgical_hospitals": 0, "cms_ob_hospitals": 0, "critical_access_hospitals": 1, "rural_emergency_hospitals": 0, "dch_ob_county": false, "has_ob_services": false, "no_providers": true, "surgery_but_no_providers": false, "ob_but_no_physician": false}, "geometry": {"type": "Polygon", "coordinates": [[[-82.9705, 30.9498], [-82.9712, 31.184], [-82.9667, 31.184], [-82.7844, 31.1833], [-82.6717, 31.1837], [-82.6666, 31.1733], [-82.5921, 31.0185], [-82.5503, 31.0004], [-82.5343, 30.9807], [-82.5201, 30.9631], [-82.4906, 30.9632], [-82.4922, 30.8326], [-82.4955, 30.8196], [-82.4359, 30.8201], [-82.4352, 30.7291], [-82.4201, 30.7292], [-82.42, 30.7166], [-82.4351, 30.7166], [-82.4289, 30.6903], [-82.4309, 30.6128], [-82.4188, 30.6131], [-82.4189, 30.5817], [-82.4596, 30.5843], [-82.4598, 30.5843], [-82.5249, 30.5882], [-82.5363, 30.5889], [-82.5451, 30.5894], [-82.5532, 30.5899], [-82.5655, 30.5906], [-82.5693, 30.591], [-82.584, 30.5918], [-82.5828, 30.6581], [-82.5865, 30.675], [-82.5812, 30.6962], [-82.604, 30.7137], [-82.6374, 30.7171], [-82.6748, 30.7253], [-82.6979, 30.7342], [-82.71, 30.7292], [-82.7439, 30.7335], [-82.7662, 30.7324], [-82.7954, 30.7421], [-82.8053, 30.7498], [-82.816, 30.7761], [-82.8305, 30.7814], [-82.8348, 30.7995], [-82.8305, 30.8088], [-82.8459, 30.8272], [-82.8464, 30.835], [-82.9713, 30.8694], [-82.9705, 30.9498]]]}}, {"type": "Feature", "properties": {"county_fips": "13235", "county": "Pulaski", "population_2025": 10172, "births_2025": 90, "anesthesiologists": 1, "anesthesiologist_assistants": 0, "crnas": 0, "pediatric_anesthesiologists": 0, "total_providers": 1, "physician_anesthesiologists": 1, "providers_per_100k": 9.8, "physicians_per_100k": 9.8, "also_serves_providers": 2, "hospitals": 1, "surgical_hospitals": 0, "cms_ob_hospitals": 1, "critical_access_hospitals": 0, "rural_emergency_hospitals": 0, "dch_ob_county": false, "has_ob_services": false, "no_providers": false, "surgery_but_no_providers": false, "ob_but_no_physician": false}, "geometry": {"type": "Polygon", "coordinates": [[[-83.6158, 32.2515], [-83.6065, 32.2675], [-83.6064, 32.2884], [-83.6156, 32.2886], [-83.5724, 32.3446], [-83.5229, 32.4022], [-83.5067, 32.3889], [-83.5027, 32.3892], [-83.498, 32.4017], [-83.4134, 32.3282], [-83.3465, 32.2725], [-83.3739, 32.2497], [-83.2911, 32.1788], [-83.3248, 32.1504], [-83.3089, 32.1257], [-83.3199, 32.1202], [-83.3373, 32.1059], [-83.3594, 32.1061], [-83.3611, 32.1241], [-83.3971, 32.1241], [-83.397, 32.1326], [-83.4164, 32.1331], [-83.4165, 32.1252], [-83.4356, 32.1254], [-83.4357, 32.1172], [-83.6085, 32.1184], [-83.6078, 32.185], [-83.6069, 32.2383], [-83.6158, 32.2515]]]}}, {"type": "Feature", "properties": {"county_fips": "13279", "county": "Toombs", "population_2025": 27545, "births_2025": 372, "anesthesiologists": 6, "anesthesiologist_assistants": 0, "crnas": 6, "pediatric_anesthesiologists": 0, "total_providers": 12, "physician_anesthesiologists": 6, "providers_per_100k": 43.6, "physicians_per_100k": 21.8, "also_serves_providers": 2, "hospitals": 1, "surgical_hospitals": 1, "cms_ob_hospitals": 1, "critical_access_hospitals": 0, "rural_emergency_hospitals": 0, "dch_ob_county": true, "has_ob_services": true, "no_providers": false, "surgery_but_no_providers": false, "ob_but_no_physician": false}, "geometry": {"type": "Polygon", "coordinates": [[[-82.4831, 31.969], [-82.4636, 32.0904], [-82.4537, 32.1483], [-82.446, 32.191], [-82.4411, 32.218], [-82.4409, 32.226], [-82.4396, 32.2737], [-82.439, 32.2932], [-82.4091, 32.3537], [-82.4091, 32.3538], [-82.3917, 32.3353], [-82.3789, 32.3369], [-82.3564, 32.3135], [-82.3546, 32.2925], [-82.3028, 32.2937], [-82.2798, 32.2942], [-82.2328, 32.3188], [-82.2274, 32.2778], [-82.2098, 32.2393], [-82.2062, 32.2113], [-82.1919, 32.1943], [-82.1819, 32.1659], [-82.1913, 32.1445], [-82.1952, 32.1407], [-82.2086, 32.0406], [-82.225, 31.9131], [-82.2331, 31.9192], [-82.2468, 31.9151], [-82.2597, 31.9324], [-82.2916, 31.9424], [-82.3145, 31.9308], [-82.3233, 31.9345], [-82.3724, 31.9415], [-82.3721, 31.954], [-82.4022, 31.9603], [-82.4072, 31.9495], [-82.408, 31.9557], [-82.4315, 31.9662], [-82.4582, 31.9639], [-82.4796, 31.9717], [-82.4831, 31.969]]]}}, {"type": "Feature", "properties": {"county_fips": "13131", "county": "Grady", "population_2025": 26590, "births_2025": 321, "anesthesiologists": 0, "anesthesiologist_assistants": 0, "crnas": 2, "pediatric_anesthesiologists": 0, "total_providers": 2, "physician_anesthesiologists": 0, "providers_per_100k": 7.5, "physicians_per_100k": 0.0, "also_serves_providers": 0, "hospitals": 1, "surgical_hospitals": 0, "cms_ob_hospitals": 0, "critical_access_hospitals": 0, "rural_emergency_hospitals": 0, "dch_ob_county": true, "has_ob_services": true, "no_providers": false, "surgery_but_no_providers": false, "ob_but_no_physician": true}, "geometry": {"type": "Polygon", "coordinates": [[[-84.3793, 30.79], [-84.379, 30.8169], [-84.3762, 30.9876], [-84.3766, 31.0789], [-84.1596, 31.0784], [-84.1278, 31.078], [-84.1166, 31.078], [-84.119, 31.0069], [-84.1191, 30.981], [-84.1166, 30.9753], [-84.1188, 30.971], [-84.0969, 30.9352], [-84.077, 30.9156], [-84.0799, 30.874], [-84.0729, 30.8656], [-84.0825, 30.8538], [-84.0807, 30.8327], [-84.0838, 30.6758], [-84.1078, 30.6768], [-84.125, 30.678], [-84.1552, 30.6795], [-84.25, 30.6841], [-84.2541, 30.6843], [-84.2813, 30.6852], [-84.2826, 30.6853], [-84.375, 30.6898], [-84.3807, 30.69], [-84.3793, 30.79]]]}}, {"type": "Feature", "properties": {"county_fips": "13227", "county": "Pickens", "population_2025": 37167, "births_2025": 325, "anesthesiologists": 2, "anesthesiologist_assistants": 0, "crnas": 5, "pediatric_anesthesiologists": 0, "total_providers": 7, "physician_anesthesiologists": 2, "providers_per_100k": 18.8, "physicians_per_100k": 5.4, "also_serves_providers": 0, "hospitals": 1, "surgical_hospitals": 1, "cms_ob_hospitals": 1, "critical_access_hospitals": 0, "rural_emergency_hospitals": 0, "dch_ob_county": true, "has_ob_services": true, "no_providers": false, "surgery_but_no_providers": false, "ob_but_no_physician": false}, "geometry": {"type": "Polygon", "coordinates": [[[-84.6544, 34.5489], [-84.6193, 34.5494], [-84.5214, 34.5505], [-84.5204, 34.5567], [-84.4767, 34.5501], [-84.468, 34.5635], [-84.4679, 34.55], [-84.4372, 34.5493], [-84.3714, 34.5485], [-84.3715, 34.5629], [-84.3456, 34.5627], [-84.3457, 34.5484], [-84.3189, 34.4679], [-84.2594, 34.4673], [-84.2569, 34.4656], [-84.2573, 34.416], [-84.2576, 34.381], [-84.3475, 34.3808], [-84.3908, 34.3807], [-84.3924, 34.3733], [-84.4007, 34.3805], [-84.412, 34.3806], [-84.4423, 34.3804], [-84.4757, 34.3806], [-84.5817, 34.3815], [-84.5827, 34.3858], [-84.5828, 34.4122], [-84.6532, 34.4126], [-84.6537, 34.4558], [-84.6445, 34.463], [-84.6536, 34.4716], [-84.6544, 34.5489]]]}}, {"type": "Feature", "properties": {"county_fips": "13055", "county": "Chattooga", "population_2025": 25300, "births_2025": 241, "anesthesiologists": 0, "anesthesiologist_assistants": 0, "crnas": 1, "pediatric_anesthesiologists": 0, "total_providers": 1, "physician_anesthesiologists": 0, "providers_per_100k": 4.0, "physicians_per_100k": 0.0, "also_serves_providers": 0, "hospitals": 0, "surgical_hospitals": 0, "cms_ob_hospitals": 0, "critical_access_hospitals": 0, "rural_emergency_hospitals": 0, "dch_ob_county": false, "has_ob_services": false, "no_providers": false, "surgery_but_no_providers": false, "ob_but_no_physician": false}, "geometry": {"type": "Polygon", "coordinates": [[[-85.5273, 34.5887], [-85.4101, 34.5892], [-85.3717, 34.5896], [-85.3521, 34.5825], [-85.3495, 34.5892], [-85.2978, 34.589], [-85.2815, 34.589], [-85.2428, 34.5889], [-85.2414, 34.5889], [-85.1249, 34.5881], [-85.1077, 34.5875], [-85.1235, 34.5532], [-85.1476, 34.515], [-85.1629, 34.4723], [-85.1805, 34.436], [-85.2151, 34.4296], [-85.2224, 34.4155], [-85.2413, 34.4155], [-85.2414, 34.4083], [-85.2802, 34.3895], [-85.3349, 34.3697], [-85.3467, 34.3562], [-85.3632, 34.339], [-85.3874, 34.2861], [-85.3968, 34.2862], [-85.4621, 34.2864], [-85.4677, 34.3144], [-85.4705, 34.3282], [-85.4846, 34.3929], [-85.5023, 34.474], [-85.5025, 34.4745], [-85.5084, 34.5012], [-85.5121, 34.5183], [-85.5137, 34.5242], [-85.5137, 34.5242], [-85.5139, 34.5252], [-85.5171, 34.5426], [-85.5273, 34.5887]]]}}, {"type": "Feature", "properties": {"county_fips": "13281", "county": "Towns", "population_2025": 13285, "births_2025": 74, "anesthesiologists": 0, "anesthesiologist_assistants": 0, "crnas": 0, "pediatric_anesthesiologists": 0, "total_providers": 0, "physician_anesthesiologists": 0, "providers_per_100k": 0.0, "physicians_per_100k": 0.0, "also_serves_providers": 0, "hospitals": 1, "surgical_hospitals": 0, "cms_ob_hospitals": 0, "critical_access_hospitals": 1, "rural_emergency_hospitals": 0, "dch_ob_county": false, "has_ob_services": false, "no_providers": true, "surgery_but_no_providers": false, "ob_but_no_physician": false}, "geometry": {"type": "Polygon", "coordinates": [[[-83.9364, 34.9875], [-83.9224, 34.9875], [-83.8311, 34.9873], [-83.8001, 34.9874], [-83.7909, 34.9875], [-83.7909, 34.9875], [-83.7499, 34.9877], [-83.62, 34.9866], [-83.6202, 34.9921], [-83.5494, 34.9925], [-83.5469, 34.9465], [-83.6016, 34.9383], [-83.599, 34.9128], [-83.6182, 34.9113], [-83.6266, 34.9101], [-83.6306, 34.8945], [-83.6567, 34.8786], [-83.6591, 34.8303], [-83.6522, 34.823], [-83.6664, 34.807], [-83.6816, 34.8009], [-83.7043, 34.7913], [-83.7426, 34.8014], [-83.7803, 34.7929], [-83.7808, 34.8185], [-83.7963, 34.8283], [-83.7912, 34.8433], [-83.8092, 34.8603], [-83.8114, 34.8744], [-83.8051, 34.8966], [-83.8196, 34.9138], [-83.833, 34.8996], [-83.8565, 34.8989], [-83.8658, 34.9147], [-83.9007, 34.9234], [-83.9186, 34.9299], [-83.9269, 34.9557], [-83.946, 34.9706], [-83.9364, 34.9875]]]}}, {"type": "Feature", "properties": {"county_fips": "13129", "county": "Gordon", "population_2025": 61701, "births_2025": 670, "anesthesiologists": 8, "anesthesiologist_assistants": 0, "crnas": 10, "pediatric_anesthesiologists": 0, "total_providers": 18, "physician_anesthesiologists": 8, "providers_per_100k": 29.2, "physicians_per_100k": 13.0, "also_serves_providers": 1, "hospitals": 1, "surgical_hospitals": 1, "cms_ob_hospitals": 1, "critical_access_hospitals": 0, "rural_emergency_hospitals": 0, "dch_ob_county": true, "has_ob_services": true, "no_providers": false, "surgery_but_no_providers": false, "ob_but_no_physician": false}, "geometry": {"type": "Polygon", "coordinates": [[[-85.0901, 34.4635], [-85.09, 34.5419], [-85.0635, 34.5425], [-85.0692, 34.5872], [-85.0605, 34.5872], [-85.0552, 34.6224], [-85.0504, 34.6225], [-85.0504, 34.616], [-84.9643, 34.6158], [-84.9261, 34.6162], [-84.9135, 34.6341], [-84.9082, 34.6158], [-84.8679, 34.6157], [-84.8638, 34.6086], [-84.7797, 34.6083], [-84.7666, 34.6155], [-84.7468, 34.6098], [-84.7402, 34.6241], [-84.7157, 34.6229], [-84.7144, 34.6051], [-84.7312, 34.5986], [-84.7016, 34.5907], [-84.682, 34.5833], [-84.6545, 34.5832], [-84.6545, 34.5829], [-84.6544, 34.5489], [-84.6536, 34.4716], [-84.6445, 34.463], [-84.6537, 34.4558], [-84.6532, 34.4126], [-84.7339, 34.413], [-84.7341, 34.3965], [-84.8259, 34.3976], [-84.8372, 34.3977], [-84.8629, 34.3966], [-84.8963, 34.3963], [-84.9194, 34.3987], [-84.9348, 34.3987], [-84.9539, 34.3842], [-84.9888, 34.3846], [-85.0058, 34.3924], [-85.0317, 34.4014], [-85.0876, 34.4013], [-85.1078, 34.4109], [-85.0887, 34.425], [-85.1123, 34.4617], [-85.0901, 34.4635]]]}}, {"type": "Feature", "properties": {"county_fips": "13109", "county": "Evans", "population_2025": 11028, "births_2025": 153, "anesthesiologists": 0, "anesthesiologist_assistants": 0, "crnas": 1, "pediatric_anesthesiologists": 0, "total_providers": 1, "physician_anesthesiologists": 0, "providers_per_100k": 9.1, "physicians_per_100k": 0.0, "also_serves_providers": 4, "hospitals": 1, "surgical_hospitals": 1, "cms_ob_hospitals": 0, "critical_access_hospitals": 0, "rural_emergency_hospitals": 0, "dch_ob_county": false, "has_ob_services": false, "no_providers": false, "surgery_but_no_providers": false, "ob_but_no_physician": false}, "geometry": {"type": "Polygon", "coordinates": [[[-82.0253, 32.2789], [-81.9998, 32.2762], [-81.9696, 32.2693], [-81.9691, 32.2688], [-81.9532, 32.2668], [-81.8927, 32.2748], [-81.8574, 32.2574], [-81.8417, 32.2409], [-81.8163, 32.2375], [-81.8047, 32.22], [-81.7785, 32.1623], [-81.7809, 32.1529], [-81.7773, 32.1319], [-81.7633, 32.1176], [-81.7563, 32.1046], [-81.741, 32.1045], [-81.7187, 32.0894], [-81.7617, 32.0479], [-81.8891, 32.0504], [-81.9099, 32.0569], [-81.9798, 32.0814], [-82.0037, 32.1837], [-82.0039, 32.1847], [-82.0253, 32.2789]]]}}, {"type": "Feature", "properties": {"county_fips": "13023", "county": "Bleckley", "population_2025": 12866, "births_2025": 150, "anesthesiologists": 0, "anesthesiologist_assistants": 0, "crnas": 0, "pediatric_anesthesiologists": 0, "total_providers": 0, "physician_anesthesiologists": 0, "providers_per_100k": 0.0, "physicians_per_100k": 0.0, "also_serves_providers": 0, "hospitals": 1, "surgical_hospitals": 0, "cms_ob_hospitals": 0, "critical_access_hospitals": 1, "rural_emergency_hospitals": 0, "dch_ob_county": false, "has_ob_services": false, "no_providers": true, "surgery_but_no_providers": false, "ob_but_no_physician": false}, "geometry": {"type": "Polygon", "coordinates": [[[-83.4841, 32.4058], [-83.4826, 32.4245], [-83.4979, 32.4522], [-83.4088, 32.4957], [-83.408, 32.5037], [-83.4, 32.5002], [-83.2265, 32.5842], [-83.1541, 32.451], [-83.139, 32.4231], [-83.1733, 32.4525], [-83.3025, 32.3439], [-83.3008, 32.3386], [-83.2865, 32.3222], [-83.3322, 32.284], [-83.3461, 32.2838], [-83.3465, 32.2725], [-83.4134, 32.3282], [-83.498, 32.4017], [-83.4841, 32.4058]]]}}, {"type": "Feature", "properties": {"county_fips": "13217", "county": "Newton", "population_2025": 125583, "births_2025": 1411, "anesthesiologists": 7, "anesthesiologist_assistants": 1, "crnas": 8, "pediatric_anesthesiologists": 0, "total_providers": 16, "physician_anesthesiologists": 7, "providers_per_100k": 12.7, "physicians_per_100k": 5.6, "also_serves_providers": 1, "hospitals": 1, "surgical_hospitals": 1, "cms_ob_hospitals": 1, "critical_access_hospitals": 0, "rural_emergency_hospitals": 0, "dch_ob_county": true, "has_ob_services": true, "no_providers": false, "surgery_but_no_providers": false, "ob_but_no_physician": false}, "geometry": {"type": "Polygon", "coordinates": [[[-84.0543, 33.52], [-84.0448, 33.5249], [-84.0445, 33.5258], [-84.0332, 33.5382], [-84.0321, 33.5394], [-84.0243, 33.5482], [-84.0107, 33.5633], [-84.0105, 33.5636], [-83.9958, 33.5799], [-83.9934, 33.5825], [-83.9727, 33.6055], [-83.9663, 33.6125], [-83.9515, 33.6289], [-83.9315, 33.6509], [-83.9313, 33.6513], [-83.9205, 33.6919], [-83.9251, 33.7105], [-83.9132, 33.7127], [-83.9182, 33.722], [-83.9175, 33.7368], [-83.9148, 33.7442], [-83.8926, 33.7304], [-83.8513, 33.7047], [-83.7824, 33.6615], [-83.7781, 33.6587], [-83.7583, 33.6464], [-83.7344, 33.6456], [-83.7011, 33.6233], [-83.6994, 33.6094], [-83.6809, 33.5969], [-83.6874, 33.5886], [-83.6777, 33.5712], [-83.6822, 33.5262], [-83.6875, 33.5122], [-83.6746, 33.4872], [-83.7047, 33.4885], [-83.7421, 33.4765], [-83.7713, 33.4525], [-83.8122, 33.4347], [-83.8234, 33.438], [-83.8452, 33.4147], [-83.8315, 33.3929], [-83.8539, 33.3672], [-83.8631, 33.3683], [-83.8643, 33.3771], [-83.8951, 33.3967], [-83.9123, 33.4177], [-83.9239, 33.4442], [-83.927, 33.4525], [-83.9479, 33.4772], [-83.9465, 33.4818], [-83.958, 33.4846], [-83.9994, 33.4943], [-84.0111, 33.4925], [-84.0372, 33.4958], [-84.0441, 33.5204], [-84.0513, 33.511], [-84.0543, 33.52]]]}}, {"type": "Feature", "properties": {"county_fips": "13115", "county": "Floyd", "population_2025": 101378, "births_2025": 1124, "anesthesiologists": 16, "anesthesiologist_assistants": 24, "crnas": 41, "pediatric_anesthesiologists": 0, "total_providers": 81, "physician_anesthesiologists": 16, "providers_per_100k": 79.9, "physicians_per_100k": 15.8, "also_serves_providers": 5, "hospitals": 2, "surgical_hospitals": 2, "cms_ob_hospitals": 1, "critical_access_hospitals": 0, "rural_emergency_hospitals": 0, "dch_ob_county": true, "has_ob_services": true, "no_providers": false, "surgery_but_no_providers": false, "ob_but_no_physician": false}, "geometry": {"type": "Polygon", "coordinates": [[[-85.4621, 34.2864], [-85.3968, 34.2862], [-85.3874, 34.2861], [-85.3632, 34.339], [-85.3467, 34.3562], [-85.3349, 34.3697], [-85.2802, 34.3895], [-85.2414, 34.4083], [-85.2413, 34.4155], [-85.2224, 34.4155], [-85.2151, 34.4296], [-85.1805, 34.436], [-85.1629, 34.4723], [-85.1476, 34.515], [-85.1235, 34.5532], [-85.1077, 34.5875], [-85.0692, 34.5872], [-85.0635, 34.5425], [-85.09, 34.5419], [-85.0901, 34.4635], [-85.1123, 34.4617], [-85.0887, 34.425], [-85.1078, 34.4109], [-85.0876, 34.4013], [-85.0317, 34.4014], [-85.0058, 34.3924], [-85.0052, 34.3471], [-85.0231, 34.3471], [-85.0233, 34.3169], [-85.0232, 34.3053], [-85.0235, 34.2755], [-85.0156, 34.2511], [-85.0241, 34.2462], [-85.0238, 34.2134], [-85.0449, 34.2073], [-85.0452, 34.1838], [-85.0464, 34.1179], [-85.0469, 34.0964], [-85.122, 34.0967], [-85.1225, 34.0831], [-85.1503, 34.0834], [-85.1574, 34.0973], [-85.1938, 34.0975], [-85.21, 34.1003], [-85.233, 34.1005], [-85.2576, 34.1007], [-85.2581, 34.0791], [-85.2833, 34.0794], [-85.4219, 34.0808], [-85.4283, 34.1144], [-85.4295, 34.1251], [-85.4447, 34.1999], [-85.4447, 34.1999], [-85.4551, 34.2507], [-85.4554, 34.2529], [-85.4581, 34.2657], [-85.4587, 34.2694], [-85.4621, 34.2864]]]}}, {"type": "Feature", "properties": {"county_fips": "13247", "county": "Rockdale", "population_2025": 98416, "births_2025": 984, "anesthesiologists": 9, "anesthesiologist_assistants": 6, "crnas": 8, "pediatric_anesthesiologists": 0, "total_providers": 23, "physician_anesthesiologists": 9, "providers_per_100k": 23.4, "physicians_per_100k": 9.1, "also_serves_providers": 2, "hospitals": 1, "surgical_hospitals": 1, "cms_ob_hospitals": 1, "critical_access_hospitals": 0, "rural_emergency_hospitals": 0, "dch_ob_county": true, "has_ob_services": true, "no_providers": false, "surgery_but_no_providers": false, "ob_but_no_physician": false}, "geometry": {"type": "Polygon", "coordinates": [[[-84.1841, 33.6462], [-84.17, 33.6393], [-84.1506, 33.6386], [-84.1383, 33.6377], [-84.1285, 33.6302], [-84.1158, 33.6147], [-84.1043, 33.636], [-84.1, 33.6441], [-84.084, 33.6743], [-84.0781, 33.6853], [-84.0743, 33.6929], [-84.0604, 33.7194], [-84.0544, 33.7284], [-84.0465, 33.7348], [-84.0237, 33.7528], [-84.0188, 33.7566], [-84.0095, 33.7641], [-83.9937, 33.777], [-83.982, 33.7861], [-83.9156, 33.7447], [-83.9148, 33.7442], [-83.9175, 33.7368], [-83.9182, 33.722], [-83.9132, 33.7127], [-83.9251, 33.7105], [-83.9205, 33.6919], [-83.9313, 33.6513], [-83.9315, 33.6509], [-83.9515, 33.6289], [-83.9663, 33.6125], [-83.9727, 33.6055], [-83.9934, 33.5825], [-83.9958, 33.5799], [-84.0105, 33.5636], [-84.0107, 33.5633], [-84.0243, 33.5482], [-84.0321, 33.5394], [-84.0332, 33.5382], [-84.0445, 33.5258], [-84.0497, 33.5411], [-84.09, 33.5548], [-84.0975, 33.56], [-84.1063, 33.5662], [-84.1272, 33.5622], [-84.131, 33.5646], [-84.1467, 33.5865], [-84.1499, 33.5873], [-84.1648, 33.6109], [-84.1816, 33.6292], [-84.1841, 33.6462]]]}}, {"type": "Feature", "properties": {"county_fips": "13053", "county": "Chattahoochee", "population_2025": 8465, "births_2025": 159, "anesthesiologists": 3, "anesthesiologist_assistants": 0, "crnas": 21, "pediatric_anesthesiologists": 0, "total_providers": 24, "physician_anesthesiologists": 3, "providers_per_100k": 283.5, "physicians_per_100k": 35.4, "also_serves_providers": 0, "hospitals": 0, "surgical_hospitals": 0, "cms_ob_hospitals": 0, "critical_access_hospitals": 0, "rural_emergency_hospitals": 0, "dch_ob_county": false, "has_ob_services": false, "no_providers": false, "surgery_but_no_providers": false, "ob_but_no_physician": false}, "geometry": {"type": "Polygon", "coordinates": [[[-85.0081, 32.3367], [-84.9835, 32.3632], [-84.9819, 32.3802], [-84.9811, 32.3819], [-84.9629, 32.3741], [-84.9578, 32.3741], [-84.957, 32.3739], [-84.9327, 32.3806], [-84.9295, 32.3835], [-84.9293, 32.3836], [-84.8818, 32.4107], [-84.8554, 32.4145], [-84.819, 32.4128], [-84.806, 32.4196], [-84.793, 32.4138], [-84.7786, 32.425], [-84.7684, 32.4206], [-84.7243, 32.5078], [-84.6945, 32.5187], [-84.6786, 32.5189], [-84.6373, 32.5349], [-84.6382, 32.4948], [-84.6573, 32.4949], [-84.6582, 32.3728], [-84.6582, 32.3098], [-84.6589, 32.2329], [-84.7479, 32.2315], [-84.8025, 32.2309], [-84.8025, 32.221], [-84.8139, 32.2309], [-84.9214, 32.2308], [-84.914, 32.2488], [-84.8895, 32.2619], [-84.8894, 32.2619], [-84.9338, 32.2983], [-84.9564, 32.3062], [-85.0019, 32.322], [-85.0081, 32.3367]]]}}, {"type": "Feature", "properties": {"county_fips": "13125", "county": "Glascock", "population_2025": 3141, "births_2025": 45, "anesthesiologists": 0, "anesthesiologist_assistants": 0, "crnas": 0, "pediatric_anesthesiologists": 0, "total_providers": 0, "physician_anesthesiologists": 0, "providers_per_100k": 0.0, "physicians_per_100k": 0.0, "also_serves_providers": 0, "hospitals": 0, "surgical_hospitals": 0, "cms_ob_hospitals": 0, "critical_access_hospitals": 0, "rural_emergency_hospitals": 0, "dch_ob_county": false, "has_ob_services": false, "no_providers": true, "surgery_but_no_providers": false, "ob_but_no_physician": false}, "geometry": {"type": "Polygon", "coordinates": [[[-82.7558, 33.2534], [-82.7328, 33.2565], [-82.7026, 33.2729], [-82.6784, 33.2742], [-82.6456, 33.3014], [-82.6255, 33.308], [-82.5917, 33.321], [-82.5598, 33.3273], [-82.432, 33.2748], [-82.4744, 33.2475], [-82.5849, 33.1715], [-82.5763, 33.1584], [-82.5788, 33.1198], [-82.5905, 33.1238], [-82.6619, 33.1263], [-82.7087, 33.152], [-82.719, 33.1701], [-82.7395, 33.1744], [-82.7334, 33.2081], [-82.7483, 33.2383], [-82.7462, 33.2461], [-82.7558, 33.2534]]]}}, {"type": "Feature", "properties": {"county_fips": "13149", "county": "Heard", "population_2025": 12149, "births_2025": 120, "anesthesiologists": 0, "anesthesiologist_assistants": 0, "crnas": 0, "pediatric_anesthesiologists": 0, "total_providers": 0, "physician_anesthesiologists": 0, "providers_per_100k": 0.0, "physicians_per_100k": 0.0, "also_serves_providers": 0, "hospitals": 0, "surgical_hospitals": 0, "cms_ob_hospitals": 0, "critical_access_hospitals": 0, "rural_emergency_hospitals": 0, "dch_ob_county": false, "has_ob_services": false, "no_providers": true, "surgery_but_no_providers": false, "ob_but_no_physician": false}, "geometry": {"type": "Polygon", "coordinates": [[[-85.294, 33.4281], [-85.1975, 33.4272], [-85.0154, 33.4255], [-84.9586, 33.2771], [-84.9488, 33.2823], [-84.949, 33.2512], [-84.939, 33.2247], [-84.9904, 33.2062], [-85.0408, 33.1883], [-85.0447, 33.182], [-85.0645, 33.1785], [-85.088, 33.1717], [-85.0877, 33.1866], [-85.108, 33.1951], [-85.1174, 33.1637], [-85.2366, 33.1295], [-85.2522, 33.2108], [-85.2627, 33.2656], [-85.2815, 33.3631], [-85.294, 33.4281]]]}}, {"type": "Feature", "properties": {"county_fips": "13061", "county": "Clay", "population_2025": 2815, "births_2025": 25, "anesthesiologists": 0, "anesthesiologist_assistants": 0, "crnas": 0, "pediatric_anesthesiologists": 0, "total_providers": 0, "physician_anesthesiologists": 0, "providers_per_100k": 0.0, "physicians_per_100k": 0.0, "also_serves_providers": 0, "hospitals": 0, "surgical_hospitals": 0, "cms_ob_hospitals": 0, "critical_access_hospitals": 0, "rural_emergency_hospitals": 0, "dch_ob_county": false, "has_ob_services": false, "no_providers": true, "surgery_but_no_providers": false, "ob_but_no_physician": false}, "geometry": {"type": "Polygon", "coordinates": [[[-85.1338, 31.7804], [-85.0739, 31.7714], [-85.0265, 31.7789], [-84.9586, 31.7779], [-84.9593, 31.7134], [-84.9498, 31.6799], [-84.931, 31.6723], [-84.9313, 31.6554], [-84.9425, 31.6556], [-84.9424, 31.6187], [-84.8178, 31.6198], [-84.8184, 31.5657], [-84.7991, 31.5653], [-84.8189, 31.5479], [-84.808, 31.5144], [-84.8198, 31.5012], [-84.9359, 31.5026], [-84.9711, 31.4973], [-84.9863, 31.4889], [-85.0292, 31.4861], [-85.0294, 31.5187], [-85.0456, 31.5172], [-85.045, 31.5182], [-85.0419, 31.5447], [-85.058, 31.5708], [-85.0622, 31.6229], [-85.0827, 31.6498], [-85.1255, 31.695], [-85.1189, 31.7327], [-85.1287, 31.7639], [-85.1338, 31.7804]]]}}, {"type": "Feature", "properties": {"county_fips": "13171", "county": "Lamar", "population_2025": 20941, "births_2025": 255, "anesthesiologists": 0, "anesthesiologist_assistants": 0, "crnas": 0, "pediatric_anesthesiologists": 0, "total_providers": 0, "physician_anesthesiologists": 0, "providers_per_100k": 0.0, "physicians_per_100k": 0.0, "also_serves_providers": 0, "hospitals": 0, "surgical_hospitals": 0, "cms_ob_hospitals": 0, "critical_access_hospitals": 0, "rural_emergency_hospitals": 0, "dch_ob_county": false, "has_ob_services": false, "no_providers": true, "surgery_but_no_providers": false, "ob_but_no_physician": false}, "geometry": {"type": "Polygon", "coordinates": [[[-84.2692, 33.0314], [-84.2487, 33.0393], [-84.2482, 33.0658], [-84.2484, 33.0786], [-84.2482, 33.189], [-84.2275, 33.1889], [-84.2243, 33.1794], [-84.124, 33.1786], [-84.1238, 33.2028], [-84.0415, 33.2026], [-84.0409, 33.1673], [-84.0414, 33.1296], [-84.0429, 33.0239], [-84.0441, 32.9479], [-84.0542, 32.9315], [-84.1233, 32.9322], [-84.1224, 32.9896], [-84.2015, 32.9905], [-84.2701, 32.991], [-84.2692, 33.0314]]]}}, {"type": "Feature", "properties": {"county_fips": "13193", "county": "Macon", "population_2025": 11756, "births_2025": 119, "anesthesiologists": 0, "anesthesiologist_assistants": 0, "crnas": 0, "pediatric_anesthesiologists": 0, "total_providers": 0, "physician_anesthesiologists": 0, "providers_per_100k": 0.0, "physicians_per_100k": 0.0, "also_serves_providers": 0, "hospitals": 1, "surgical_hospitals": 0, "cms_ob_hospitals": 0, "critical_access_hospitals": 0, "rural_emergency_hospitals": 0, "dch_ob_county": false, "has_ob_services": false, "no_providers": true, "surgery_but_no_providers": false, "ob_but_no_physician": false}, "geometry": {"type": "MultiPolygon", "coordinates": [[[[-84.053, 32.5306], [-84.0034, 32.5299], [-84.0085, 32.5218], [-84.0533, 32.522], [-84.053, 32.5306]]], [[[-84.2546, 32.3721], [-84.2486, 32.4004], [-84.1978, 32.401], [-84.1474, 32.4711], [-84.1112, 32.5141], [-84.0723, 32.5142], [-84.0533, 32.522], [-84.0536, 32.5133], [-84.0343, 32.5135], [-84.0208, 32.4973], [-84.0181, 32.5064], [-83.9325, 32.5057], [-83.9234, 32.5114], [-83.9311, 32.4837], [-83.9228, 32.4974], [-83.8771, 32.489], [-83.8721, 32.479], [-83.8467, 32.4685], [-83.8462, 32.4394], [-83.8369, 32.423], [-83.837, 32.3939], [-83.837, 32.3822], [-83.8565, 32.3824], [-83.8566, 32.3578], [-83.8468, 32.3577], [-83.8484, 32.291], [-83.883, 32.2916], [-83.8948, 32.2922], [-83.8975, 32.281], [-83.9651, 32.248], [-83.9895, 32.2169], [-84.0126, 32.2014], [-84.0311, 32.1789], [-84.0276, 32.1712], [-84.0398, 32.1746], [-84.0435, 32.1815], [-84.0848, 32.1913], [-84.1347, 32.1854], [-84.1341, 32.228], [-84.1817, 32.2297], [-84.2048, 32.2306], [-84.2201, 32.2337], [-84.2192, 32.2913], [-84.2559, 32.2962], [-84.2546, 32.3721]]]]}}, {"type": "Feature", "properties": {"county_fips": "13313", "county": "Whitfield", "population_2025": 106212, "births_2025": 1292, "anesthesiologists": 5, "anesthesiologist_assistants": 0, "crnas": 25, "pediatric_anesthesiologists": 0, "total_providers": 30, "physician_anesthesiologists": 5, "providers_per_100k": 28.2, "physicians_per_100k": 4.7, "also_serves_providers": 0, "hospitals": 1, "surgical_hospitals": 1, "cms_ob_hospitals": 1, "critical_access_hospitals": 0, "rural_emergency_hospitals": 0, "dch_ob_county": true, "has_ob_services": true, "no_providers": false, "surgery_but_no_providers": false, "ob_but_no_physician": false}, "geometry": {"type": "Polygon", "coordinates": [[[-85.1672, 34.7278], [-85.1448, 34.7676], [-85.1319, 34.8145], [-85.1317, 34.8197], [-85.0616, 34.8195], [-85.0616, 34.8339], [-85.0616, 34.8636], [-85.0328, 34.8655], [-85.0234, 34.8756], [-85.0234, 34.9008], [-84.9979, 34.9402], [-84.9974, 34.9724], [-84.9797, 34.9728], [-84.9799, 34.9876], [-84.977, 34.9877], [-84.9556, 34.9878], [-84.9444, 34.9879], [-84.9439, 34.9879], [-84.9393, 34.9879], [-84.9308, 34.9879], [-84.8865, 34.9878], [-84.8613, 34.9878], [-84.858, 34.9877], [-84.8318, 34.988], [-84.824, 34.9877], [-84.8205, 34.9879], [-84.8173, 34.9878], [-84.8107, 34.9876], [-84.8105, 34.9876], [-84.8352, 34.9428], [-84.8427, 34.9181], [-84.8187, 34.877], [-84.8424, 34.8613], [-84.8437, 34.8534], [-84.8609, 34.8095], [-84.8381, 34.8009], [-84.8628, 34.7843], [-84.8742, 34.7891], [-84.8728, 34.7831], [-84.8512, 34.7416], [-84.8575, 34.7366], [-84.871, 34.7379], [-84.8561, 34.7245], [-84.864, 34.7086], [-84.8829, 34.7147], [-84.892, 34.7049], [-84.9292, 34.7145], [-84.9337, 34.7068], [-84.8875, 34.6774], [-84.9018, 34.6656], [-84.9104, 34.6814], [-84.9297, 34.6759], [-84.9135, 34.6341], [-84.9261, 34.6162], [-84.9643, 34.6158], [-85.0504, 34.616], [-85.0504, 34.6225], [-85.0508, 34.72], [-85.0643, 34.72], [-85.1684, 34.7202], [-85.1672, 34.7278]]]}}, {"type": "Feature", "properties": {"county_fips": "13021", "county": "Bibb", "population_2025": 157556, "births_2025": 1952, "anesthesiologists": 46, "anesthesiologist_assistants": 48, "crnas": 109, "pediatric_anesthesiologists": 0, "total_providers": 203, "physician_anesthesiologists": 46, "providers_per_100k": 128.8, "physicians_per_100k": 29.2, "also_serves_providers": 17, "hospitals": 3, "surgical_hospitals": 3, "cms_ob_hospitals": 2, "critical_access_hospitals": 0, "rural_emergency_hospitals": 0, "dch_ob_county": true, "has_ob_services": true, "no_providers": false, "surgery_but_no_providers": false, "ob_but_no_physician": false}, "geometry": {"type": "Polygon", "coordinates": [[[-83.8919, 32.8484], [-83.8728, 32.8595], [-83.8638, 32.8647], [-83.8178, 32.8913], [-83.7912, 32.9066], [-83.7769, 32.9149], [-83.7766, 32.9151], [-83.7259, 32.9449], [-83.7341, 32.9524], [-83.7107, 32.9528], [-83.7006, 32.944], [-83.696, 32.9169], [-83.6745, 32.9029], [-83.6633, 32.8987], [-83.6586, 32.8878], [-83.6312, 32.8878], [-83.6124, 32.8878], [-83.5995, 32.8878], [-83.5922, 32.8806], [-83.5793, 32.8658], [-83.5651, 32.8772], [-83.5593, 32.8722], [-83.5487, 32.8634], [-83.5234, 32.8413], [-83.5135, 32.8449], [-83.4894, 32.8241], [-83.4929, 32.8051], [-83.5162, 32.7899], [-83.5538, 32.7589], [-83.5787, 32.7381], [-83.6022, 32.7414], [-83.6026, 32.7192], [-83.5972, 32.7147], [-83.6116, 32.6944], [-83.5977, 32.6643], [-83.6047, 32.6606], [-83.6193, 32.664], [-83.6252, 32.669], [-83.6735, 32.6768], [-83.6902, 32.687], [-83.7012, 32.6922], [-83.7297, 32.6972], [-83.7375, 32.6941], [-83.7743, 32.7152], [-83.7769, 32.7188], [-83.8083, 32.7287], [-83.8244, 32.7419], [-83.8651, 32.7997], [-83.8814, 32.8179], [-83.892, 32.8196], [-83.8919, 32.8484]]]}}, {"type": "Feature", "properties": {"county_fips": "13143", "county": "Haralson", "population_2025": 33066, "births_2025": 376, "anesthesiologists": 0, "anesthesiologist_assistants": 0, "crnas": 2, "pediatric_anesthesiologists": 0, "total_providers": 2, "physician_anesthesiologists": 0, "providers_per_100k": 6.0, "physicians_per_100k": 0.0, "also_serves_providers": 0, "hospitals": 1, "surgical_hospitals": 1, "cms_ob_hospitals": 0, "critical_access_hospitals": 1, "rural_emergency_hospitals": 0, "dch_ob_county": false, "has_ob_services": false, "no_providers": false, "surgery_but_no_providers": false, "ob_but_no_physician": false}, "geometry": {"type": "Polygon", "coordinates": [[[-85.3865, 33.9017], [-85.3126, 33.9007], [-85.2328, 33.8995], [-85.2128, 33.9063], [-85.1606, 33.9057], [-85.0668, 33.9047], [-85.0503, 33.9045], [-85.0367, 33.9009], [-85.0377, 33.829], [-85.0379, 33.8119], [-85.049, 33.8123], [-85.0505, 33.7323], [-85.0509, 33.7146], [-85.1068, 33.6946], [-85.139, 33.7], [-85.1773, 33.6881], [-85.2356, 33.6699], [-85.2684, 33.6589], [-85.2897, 33.6521], [-85.3382, 33.6531], [-85.3553, 33.7392], [-85.357, 33.748], [-85.3574, 33.7501], [-85.3605, 33.768], [-85.3619, 33.7739], [-85.3619, 33.7739], [-85.3775, 33.856], [-85.3865, 33.9017]]]}}, {"type": "Feature", "properties": {"county_fips": "13083", "county": "Dade", "population_2025": 16154, "births_2025": 135, "anesthesiologists": 0, "anesthesiologist_assistants": 0, "crnas": 0, "pediatric_anesthesiologists": 0, "total_providers": 0, "physician_anesthesiologists": 0, "providers_per_100k": 0.0, "physicians_per_100k": 0.0, "also_serves_providers": 0, "hospitals": 0, "surgical_hospitals": 0, "cms_ob_hospitals": 0, "critical_access_hospitals": 0, "rural_emergency_hospitals": 0, "dch_ob_county": false, "has_ob_services": false, "no_providers": true, "surgery_but_no_providers": false, "ob_but_no_physician": false}, "geometry": {"type": "Polygon", "coordinates": [[[-85.6052, 34.9847], [-85.5142, 34.9836], [-85.4741, 34.9831], [-85.4667, 34.983], [-85.385, 34.983], [-85.3652, 34.9834], [-85.3648, 34.9834], [-85.3639, 34.9834], [-85.3754, 34.9586], [-85.4337, 34.8751], [-85.4506, 34.8317], [-85.4506, 34.7969], [-85.4504, 34.7592], [-85.462, 34.7318], [-85.4905, 34.6991], [-85.4908, 34.6694], [-85.5341, 34.6239], [-85.5343, 34.6251], [-85.5413, 34.6567], [-85.5413, 34.6568], [-85.5425, 34.6624], [-85.5525, 34.7081], [-85.5525, 34.7083], [-85.5581, 34.7344], [-85.5614, 34.7501], [-85.5744, 34.8157], [-85.5759, 34.8237], [-85.5831, 34.8604], [-85.5952, 34.9242], [-85.5952, 34.9243], [-85.5988, 34.9449], [-85.5994, 34.9518], [-85.6052, 34.9847]]]}}, {"type": "Feature", "properties": {"county_fips": "13095", "county": "Dougherty", "population_2025": 82616, "births_2025": 1096, "anesthesiologists": 11, "anesthesiologist_assistants": 17, "crnas": 28, "pediatric_anesthesiologists": 0, "total_providers": 56, "physician_anesthesiologists": 11, "providers_per_100k": 67.8, "physicians_per_100k": 13.3, "also_serves_providers": 2, "hospitals": 1, "surgical_hospitals": 1, "cms_ob_hospitals": 1, "critical_access_hospitals": 0, "rural_emergency_hospitals": 0, "dch_ob_county": true, "has_ob_services": true, "no_providers": false, "surgery_but_no_providers": false, "ob_but_no_physician": false}, "geometry": {"type": "Polygon", "coordinates": [[[-84.4569, 31.5865], [-84.4471, 31.6045], [-84.4504, 31.6219], [-84.2978, 31.622], [-84.2891, 31.622], [-84.2303, 31.6225], [-84.1882, 31.6227], [-84.177, 31.6228], [-84.1717, 31.6226], [-84.1438, 31.6229], [-84.1296, 31.6229], [-84.0432, 31.6236], [-84.0289, 31.6484], [-84.0184, 31.6503], [-83.9934, 31.65], [-84.0125, 31.6336], [-83.9962, 31.6252], [-83.9966, 31.5635], [-83.9817, 31.5533], [-83.9967, 31.5517], [-83.9975, 31.476], [-83.9826, 31.4635], [-83.9977, 31.4628], [-83.9978, 31.4438], [-84.0621, 31.4431], [-84.1378, 31.4427], [-84.1411, 31.4402], [-84.2111, 31.4404], [-84.2116, 31.4359], [-84.2751, 31.4361], [-84.4299, 31.4367], [-84.4125, 31.4569], [-84.4238, 31.4935], [-84.4379, 31.5094], [-84.4473, 31.5442], [-84.4569, 31.5865]]]}}, {"type": "Feature", "properties": {"county_fips": "13287", "county": "Turner", "population_2025": 8983, "births_2025": 117, "anesthesiologists": 0, "anesthesiologist_assistants": 0, "crnas": 0, "pediatric_anesthesiologists": 0, "total_providers": 0, "physician_anesthesiologists": 0, "providers_per_100k": 0.0, "physicians_per_100k": 0.0, "also_serves_providers": 0, "hospitals": 0, "surgical_hospitals": 0, "cms_ob_hospitals": 0, "critical_access_hospitals": 0, "rural_emergency_hospitals": 0, "dch_ob_county": false, "has_ob_services": false, "no_providers": true, "surgery_but_no_providers": false, "ob_but_no_physician": false}, "geometry": {"type": "Polygon", "coordinates": [[[-83.8027, 31.8036], [-83.6512, 31.8043], [-83.6135, 31.8041], [-83.6125, 31.8163], [-83.6123, 31.8541], [-83.5416, 31.8531], [-83.5475, 31.848], [-83.4802, 31.8473], [-83.4845, 31.8355], [-83.4592, 31.7943], [-83.4536, 31.7579], [-83.4666, 31.7418], [-83.453, 31.7082], [-83.4606, 31.6954], [-83.4907, 31.6961], [-83.4916, 31.6194], [-83.5007, 31.594], [-83.6051, 31.5979], [-83.649, 31.5965], [-83.6494, 31.568], [-83.6638, 31.5656], [-83.6677, 31.5859], [-83.7046, 31.6134], [-83.7065, 31.6191], [-83.7869, 31.6228], [-83.7968, 31.6229], [-83.7973, 31.7607], [-83.8027, 31.8036]]]}}, {"type": "Feature", "properties": {"county_fips": "13233", "county": "Polk", "population_2025": 45514, "births_2025": 627, "anesthesiologists": 0, "anesthesiologist_assistants": 0, "crnas": 0, "pediatric_anesthesiologists": 0, "total_providers": 0, "physician_anesthesiologists": 0, "providers_per_100k": 0.0, "physicians_per_100k": 0.0, "also_serves_providers": 0, "hospitals": 1, "surgical_hospitals": 0, "cms_ob_hospitals": 0, "critical_access_hospitals": 1, "rural_emergency_hospitals": 0, "dch_ob_county": false, "has_ob_services": false, "no_providers": true, "surgery_but_no_providers": false, "ob_but_no_physician": false}, "geometry": {"type": "Polygon", "coordinates": [[[-85.4219, 34.0808], [-85.2833, 34.0794], [-85.2581, 34.0791], [-85.2576, 34.1007], [-85.233, 34.1005], [-85.21, 34.1003], [-85.1938, 34.0975], [-85.1574, 34.0973], [-85.1503, 34.0834], [-85.1225, 34.0831], [-85.122, 34.0967], [-85.0469, 34.0964], [-85.047, 34.0829], [-84.9227, 34.0825], [-84.9629, 33.9895], [-84.9694, 33.9735], [-84.9787, 33.9514], [-85.0498, 33.9526], [-85.0503, 33.9045], [-85.0668, 33.9047], [-85.1606, 33.9057], [-85.2128, 33.9063], [-85.2328, 33.8995], [-85.3126, 33.9007], [-85.3865, 33.9017], [-85.3989, 33.9641], [-85.406, 34.0001], [-85.4068, 34.0023], [-85.4203, 34.0723], [-85.4219, 34.0808]]]}}, {"type": "Feature", "properties": {"county_fips": "13085", "county": "Dawson", "population_2025": 35365, "births_2025": 416, "anesthesiologists": 0, "anesthesiologist_assistants": 0, "crnas": 2, "pediatric_anesthesiologists": 0, "total_providers": 2, "physician_anesthesiologists": 0, "providers_per_100k": 5.7, "physicians_per_100k": 0.0, "also_serves_providers": 0, "hospitals": 0, "surgical_hospitals": 0, "cms_ob_hospitals": 0, "critical_access_hospitals": 0, "rural_emergency_hospitals": 0, "dch_ob_county": false, "has_ob_services": false, "no_providers": false, "surgery_but_no_providers": false, "ob_but_no_physician": false}, "geometry": {"type": "Polygon", "coordinates": [[[-84.3456, 34.5627], [-84.329, 34.5834], [-84.3102, 34.5796], [-84.3024, 34.5783], [-84.2553, 34.5683], [-84.2547, 34.5975], [-84.2239, 34.597], [-84.1968, 34.6179], [-84.1886, 34.6027], [-84.191, 34.5392], [-84.1839, 34.5336], [-84.144, 34.4989], [-84.1154, 34.4733], [-84.1011, 34.4713], [-84.0905, 34.4601], [-84.0506, 34.4446], [-84.0115, 34.4297], [-83.9806, 34.4184], [-83.9756, 34.4086], [-83.9843, 34.383], [-83.9814, 34.3578], [-83.9723, 34.3484], [-83.9602, 34.3427], [-83.9571, 34.334], [-84.0185, 34.3343], [-84.0441, 34.3343], [-84.0665, 34.3344], [-84.1149, 34.3346], [-84.1764, 34.3349], [-84.2581, 34.3352], [-84.2576, 34.381], [-84.2573, 34.416], [-84.2569, 34.4656], [-84.2594, 34.4673], [-84.3189, 34.4679], [-84.3457, 34.5484], [-84.3456, 34.5627]]]}}, {"type": "Feature", "properties": {"county_fips": "13111", "county": "Fannin", "population_2025": 26111, "births_2025": 192, "anesthesiologists": 0, "anesthesiologist_assistants": 0, "crnas": 5, "pediatric_anesthesiologists": 0, "total_providers": 5, "physician_anesthesiologists": 0, "providers_per_100k": 19.1, "physicians_per_100k": 0.0, "also_serves_providers": 0, "hospitals": 1, "surgical_hospitals": 1, "cms_ob_hospitals": 0, "critical_access_hospitals": 1, "rural_emergency_hospitals": 0, "dch_ob_county": false, "has_ob_services": false, "no_providers": false, "surgery_but_no_providers": false, "ob_but_no_physician": false}, "geometry": {"type": "Polygon", "coordinates": [[[-84.6215, 34.9883], [-84.5682, 34.9882], [-84.5099, 34.988], [-84.5091, 34.988], [-84.3949, 34.988], [-84.3939, 34.9881], [-84.3829, 34.9881], [-84.3219, 34.9884], [-84.2614, 34.9881], [-84.1812, 34.9877], [-84.1296, 34.9875], [-84.1295, 34.9875], [-84.1791, 34.9515], [-84.1725, 34.9415], [-84.1608, 34.9269], [-84.1335, 34.9165], [-84.1077, 34.8876], [-84.1119, 34.875], [-84.1473, 34.8448], [-84.1401, 34.8069], [-84.124, 34.796], [-84.0932, 34.8014], [-84.0932, 34.7278], [-84.1036, 34.7278], [-84.158, 34.6482], [-84.1886, 34.6027], [-84.1968, 34.6179], [-84.1939, 34.6388], [-84.2265, 34.6539], [-84.2426, 34.6709], [-84.2523, 34.6646], [-84.2522, 34.7182], [-84.3108, 34.8016], [-84.3437, 34.8248], [-84.3574, 34.8259], [-84.4173, 34.8498], [-84.4226, 34.8575], [-84.4263, 34.8549], [-84.6186, 34.8554], [-84.6228, 34.8571], [-84.6215, 34.9883]]]}}, {"type": "Feature", "properties": {"county_fips": "13277", "county": "Tift", "population_2025": 42254, "births_2025": 627, "anesthesiologists": 13, "anesthesiologist_assistants": 4, "crnas": 30, "pediatric_anesthesiologists": 0, "total_providers": 47, "physician_anesthesiologists": 13, "providers_per_100k": 111.2, "physicians_per_100k": 30.8, "also_serves_providers": 4, "hospitals": 1, "surgical_hospitals": 1, "cms_ob_hospitals": 0, "critical_access_hospitals": 0, "rural_emergency_hospitals": 0, "dch_ob_county": true, "has_ob_services": true, "no_providers": false, "surgery_but_no_providers": false, "ob_but_no_physician": false}, "geometry": {"type": "Polygon", "coordinates": [[[-83.6658, 31.4851], [-83.6506, 31.4847], [-83.6495, 31.5547], [-83.6494, 31.568], [-83.649, 31.5965], [-83.6051, 31.5979], [-83.5007, 31.594], [-83.501, 31.5701], [-83.4708, 31.5694], [-83.4709, 31.556], [-83.4372, 31.5544], [-83.4207, 31.5536], [-83.3988, 31.5328], [-83.3768, 31.4822], [-83.3387, 31.476], [-83.3392, 31.4651], [-83.3695, 31.4651], [-83.3709, 31.4011], [-83.4153, 31.3632], [-83.427, 31.3638], [-83.4345, 31.3504], [-83.4606, 31.3263], [-83.5126, 31.3274], [-83.6541, 31.3307], [-83.6528, 31.3896], [-83.6518, 31.4339], [-83.6667, 31.4342], [-83.6658, 31.4851]]]}}, {"type": "Feature", "properties": {"county_fips": "13035", "county": "Butts", "population_2025": 27218, "births_2025": 277, "anesthesiologists": 0, "anesthesiologist_assistants": 0, "crnas": 0, "pediatric_anesthesiologists": 0, "total_providers": 0, "physician_anesthesiologists": 0, "providers_per_100k": 0.0, "physicians_per_100k": 0.0, "also_serves_providers": 0, "hospitals": 1, "surgical_hospitals": 0, "cms_ob_hospitals": 0, "critical_access_hospitals": 1, "rural_emergency_hospitals": 0, "dch_ob_county": false, "has_ob_services": false, "no_providers": true, "surgery_but_no_providers": false, "ob_but_no_physician": false}, "geometry": {"type": "Polygon", "coordinates": [[[-84.1181, 33.2487], [-84.1208, 33.2545], [-84.089, 33.2856], [-84.1026, 33.2982], [-84.0855, 33.298], [-84.073, 33.3176], [-84.0537, 33.3194], [-84.0331, 33.3428], [-84.032, 33.3616], [-84.0246, 33.357], [-84.0076, 33.3683], [-83.984, 33.3682], [-83.9637, 33.3785], [-83.9731, 33.4076], [-83.9631, 33.4114], [-83.9435, 33.4253], [-83.9435, 33.4418], [-83.9239, 33.4442], [-83.9123, 33.4177], [-83.8951, 33.3967], [-83.8643, 33.3771], [-83.8631, 33.3683], [-83.8571, 33.3538], [-83.863, 33.3435], [-83.8404, 33.3289], [-83.8428, 33.3184], [-83.8274, 33.292], [-83.8246, 33.2636], [-83.8141, 33.2421], [-83.8257, 33.2103], [-83.8073, 33.1924], [-83.8223, 33.1802], [-83.843, 33.1969], [-83.877, 33.2024], [-83.9284, 33.2019], [-83.9807, 33.2023], [-84.0415, 33.2026], [-84.1238, 33.2028], [-84.1181, 33.2487]]]}}, {"type": "Feature", "properties": {"county_fips": "13119", "county": "Franklin", "population_2025": 25948, "births_2025": 367, "anesthesiologists": 0, "anesthesiologist_assistants": 0, "crnas": 1, "pediatric_anesthesiologists": 0, "total_providers": 1, "physician_anesthesiologists": 0, "providers_per_100k": 3.9, "physicians_per_100k": 0.0, "also_serves_providers": 0, "hospitals": 1, "surgical_hospitals": 1, "cms_ob_hospitals": 1, "critical_access_hospitals": 0, "rural_emergency_hospitals": 0, "dch_ob_county": true, "has_ob_services": true, "no_providers": false, "surgery_but_no_providers": false, "ob_but_no_physician": true}, "geometry": {"type": "Polygon", "coordinates": [[[-83.398, 34.461], [-83.3731, 34.4702], [-83.2705, 34.4735], [-83.2527, 34.474], [-83.2246, 34.4754], [-83.1778, 34.477], [-83.1604, 34.4914], [-83.1197, 34.5239], [-83.1036, 34.5366], [-83.1032, 34.5334], [-83.1022, 34.5322], [-83.0969, 34.5315], [-83.0926, 34.5329], [-83.0878, 34.5321], [-83.0849, 34.531], [-83.0781, 34.5248], [-83.078, 34.5237], [-83.0869, 34.5178], [-83.0872, 34.5159], [-83.0695, 34.5021], [-83.0655, 34.5011], [-83.0578, 34.5037], [-83.0545, 34.5029], [-83.0495, 34.4951], [-83.0529, 34.4917], [-83.0637, 34.4719], [-83.0941, 34.4161], [-83.1019, 34.3739], [-83.1071, 34.3447], [-83.0962, 34.3381], [-83.1013, 34.3071], [-83.1059, 34.2789], [-83.1134, 34.2735], [-83.1663, 34.2423], [-83.2028, 34.2483], [-83.2371, 34.2481], [-83.2504, 34.2435], [-83.2865, 34.2533], [-83.2976, 34.2646], [-83.329, 34.2484], [-83.3553, 34.2237], [-83.3379, 34.2613], [-83.3769, 34.3058], [-83.3939, 34.3248], [-83.3937, 34.3263], [-83.3797, 34.4107], [-83.3815, 34.4201], [-83.3823, 34.4287], [-83.398, 34.461]]]}}, {"type": "Feature", "properties": {"county_fips": "13311", "county": "White", "population_2025": 29802, "births_2025": 277, "anesthesiologists": 0, "anesthesiologist_assistants": 0, "crnas": 0, "pediatric_anesthesiologists": 0, "total_providers": 0, "physician_anesthesiologists": 0, "providers_per_100k": 0.0, "physicians_per_100k": 0.0, "also_serves_providers": 0, "hospitals": 0, "surgical_hospitals": 0, "cms_ob_hospitals": 0, "critical_access_hospitals": 0, "rural_emergency_hospitals": 0, "dch_ob_county": false, "has_ob_services": false, "no_providers": true, "surgery_but_no_providers": false, "ob_but_no_physician": false}, "geometry": {"type": "Polygon", "coordinates": [[[-83.8709, 34.6686], [-83.8747, 34.6732], [-83.8636, 34.6886], [-83.8565, 34.7222], [-83.8294, 34.7309], [-83.8296, 34.7396], [-83.8259, 34.7785], [-83.7803, 34.7929], [-83.7426, 34.8014], [-83.7043, 34.7913], [-83.6816, 34.8009], [-83.6283, 34.7634], [-83.6233, 34.7322], [-83.6392, 34.7114], [-83.6452, 34.6692], [-83.6482, 34.6678], [-83.6561, 34.6623], [-83.6629, 34.6594], [-83.6382, 34.6224], [-83.6457, 34.605], [-83.6388, 34.58], [-83.6155, 34.5531], [-83.6164, 34.5473], [-83.6167, 34.5415], [-83.6556, 34.518], [-83.667, 34.5076], [-83.6664, 34.5036], [-83.7568, 34.5045], [-83.7776, 34.5137], [-83.7885, 34.5048], [-83.8434, 34.5055], [-83.8328, 34.5323], [-83.8438, 34.5324], [-83.8644, 34.5605], [-83.8668, 34.6028], [-83.8644, 34.6109], [-83.8645, 34.6156], [-83.8761, 34.6208], [-83.8709, 34.6686]]]}}, {"type": "Feature", "properties": {"county_fips": "13059", "county": "Clarke", "population_2025": 129921, "births_2025": 1383, "anesthesiologists": 29, "anesthesiologist_assistants": 18, "crnas": 68, "pediatric_anesthesiologists": 0, "total_providers": 115, "physician_anesthesiologists": 29, "providers_per_100k": 88.5, "physicians_per_100k": 22.3, "also_serves_providers": 3, "hospitals": 2, "surgical_hospitals": 2, "cms_ob_hospitals": 2, "critical_access_hospitals": 0, "rural_emergency_hospitals": 0, "dch_ob_county": true, "has_ob_services": true, "no_providers": false, "surgery_but_no_providers": false, "ob_but_no_physician": false}, "geometry": {"type": "Polygon", "coordinates": [[[-83.5374, 33.9659], [-83.4982, 33.9875], [-83.5031, 33.9996], [-83.4845, 33.9928], [-83.4748, 33.9963], [-83.4536, 34.0047], [-83.422, 34.0169], [-83.4206, 34.0174], [-83.384, 34.031], [-83.3844, 34.0385], [-83.3595, 34.0403], [-83.3395, 34.0325], [-83.3267, 34.0287], [-83.309, 34.0189], [-83.2995, 34.0128], [-83.2802, 34.0036], [-83.2635, 34.0063], [-83.2584, 33.9991], [-83.269, 34.0006], [-83.2696, 33.958], [-83.2758, 33.9428], [-83.259, 33.924], [-83.2409, 33.9044], [-83.2759, 33.848], [-83.313, 33.8557], [-83.3267, 33.8556], [-83.3245, 33.8654], [-83.3496, 33.8776], [-83.357, 33.8746], [-83.3777, 33.8908], [-83.3828, 33.8986], [-83.4079, 33.9163], [-83.4219, 33.9271], [-83.4401, 33.923], [-83.447, 33.9255], [-83.461, 33.9266], [-83.469, 33.9311], [-83.5083, 33.9312], [-83.5374, 33.9659]]]}}, {"type": "Feature", "properties": {"county_fips": "13165", "county": "Jenkins", "population_2025": 8843, "births_2025": 90, "anesthesiologists": 0, "anesthesiologist_assistants": 0, "crnas": 0, "pediatric_anesthesiologists": 0, "total_providers": 0, "physician_anesthesiologists": 0, "providers_per_100k": 0.0, "physicians_per_100k": 0.0, "also_serves_providers": 1, "hospitals": 1, "surgical_hospitals": 0, "cms_ob_hospitals": 0, "critical_access_hospitals": 1, "rural_emergency_hospitals": 0, "dch_ob_county": false, "has_ob_services": false, "no_providers": true, "surgery_but_no_providers": false, "ob_but_no_physician": false}, "geometry": {"type": "Polygon", "coordinates": [[[-82.1237, 32.8837], [-82.0813, 32.9168], [-82.037, 32.9191], [-81.9564, 32.9237], [-81.8579, 32.9539], [-81.7836, 32.9284], [-81.7676, 32.9094], [-81.8039, 32.8277], [-81.8348, 32.7576], [-81.8679, 32.6812], [-81.8657, 32.6628], [-81.841, 32.6491], [-82.0012, 32.6069], [-82.0829, 32.6633], [-82.1023, 32.7114], [-82.145, 32.8127], [-82.1237, 32.8837]]]}}, {"type": "Feature", "properties": {"county_fips": "13101", "county": "Echols", "population_2025": 3685, "births_2025": 47, "anesthesiologists": 0, "anesthesiologist_assistants": 0, "crnas": 0, "pediatric_anesthesiologists": 0, "total_providers": 0, "physician_anesthesiologists": 0, "providers_per_100k": 0.0, "physicians_per_100k": 0.0, "also_serves_providers": 0, "hospitals": 0, "surgical_hospitals": 0, "cms_ob_hospitals": 0, "critical_access_hospitals": 0, "rural_emergency_hospitals": 0, "dch_ob_county": false, "has_ob_services": false, "no_providers": true, "surgery_but_no_providers": false, "ob_but_no_physician": false}, "geometry": {"type": "Polygon", "coordinates": [[[-83.1366, 30.624], [-83.1303, 30.7222], [-83.1351, 30.7351], [-83.1362, 30.7752], [-83.1249, 30.8037], [-83.1044, 30.8037], [-83.1032, 30.8314], [-83.0881, 30.8312], [-83.0881, 30.8487], [-83.0194, 30.8495], [-83.0114, 30.8475], [-83.0071, 30.8591], [-82.9713, 30.8694], [-82.8464, 30.835], [-82.8459, 30.8272], [-82.8305, 30.8088], [-82.8348, 30.7995], [-82.8305, 30.7814], [-82.816, 30.7761], [-82.8053, 30.7498], [-82.7954, 30.7421], [-82.7662, 30.7324], [-82.7439, 30.7335], [-82.71, 30.7292], [-82.6979, 30.7342], [-82.6748, 30.7253], [-82.6374, 30.7171], [-82.604, 30.7137], [-82.5812, 30.6962], [-82.5865, 30.675], [-82.5828, 30.6581], [-82.584, 30.5918], [-82.6893, 30.5977], [-82.6895, 30.5977], [-82.6987, 30.5982], [-82.6989, 30.5983], [-82.8773, 30.609], [-82.8788, 30.6091], [-82.9399, 30.6126], [-83.0557, 30.6192], [-83.056, 30.6192], [-83.1314, 30.6236], [-83.1366, 30.624]]]}}, {"type": "Feature", "properties": {"county_fips": "13011", "county": "Banks", "population_2025": 21273, "births_2025": 267, "anesthesiologists": 0, "anesthesiologist_assistants": 0, "crnas": 1, "pediatric_anesthesiologists": 0, "total_providers": 1, "physician_anesthesiologists": 0, "providers_per_100k": 4.7, "physicians_per_100k": 0.0, "also_serves_providers": 0, "hospitals": 0, "surgical_hospitals": 0, "cms_ob_hospitals": 0, "critical_access_hospitals": 0, "rural_emergency_hospitals": 0, "dch_ob_county": false, "has_ob_services": false, "no_providers": false, "surgery_but_no_providers": false, "ob_but_no_physician": false}, "geometry": {"type": "Polygon", "coordinates": [[[-83.6556, 34.3997], [-83.6361, 34.4157], [-83.6229, 34.4194], [-83.6152, 34.4317], [-83.6074, 34.444], [-83.5854, 34.453], [-83.5524, 34.4858], [-83.5375, 34.4917], [-83.5184, 34.4894], [-83.4614, 34.4816], [-83.4584, 34.4839], [-83.4162, 34.4691], [-83.398, 34.461], [-83.3823, 34.4287], [-83.3815, 34.4201], [-83.3797, 34.4107], [-83.3937, 34.3263], [-83.3939, 34.3248], [-83.3769, 34.3058], [-83.3379, 34.2613], [-83.3553, 34.2237], [-83.373, 34.206], [-83.4024, 34.1975], [-83.4228, 34.2125], [-83.4254, 34.2179], [-83.4578, 34.2431], [-83.4792, 34.2607], [-83.5183, 34.2565], [-83.5615, 34.2527], [-83.6199, 34.2954], [-83.6491, 34.3204], [-83.6514, 34.3437], [-83.6692, 34.3656], [-83.6556, 34.3997]]]}}, {"type": "Feature", "properties": {"county_fips": "13289", "county": "Twiggs", "population_2025": 7597, "births_2025": 48, "anesthesiologists": 0, "anesthesiologist_assistants": 0, "crnas": 0, "pediatric_anesthesiologists": 0, "total_providers": 0, "physician_anesthesiologists": 0, "providers_per_100k": 0.0, "physicians_per_100k": 0.0, "also_serves_providers": 0, "hospitals": 0, "surgical_hospitals": 0, "cms_ob_hospitals": 0, "critical_access_hospitals": 0, "rural_emergency_hospitals": 0, "dch_ob_county": false, "has_ob_services": false, "no_providers": true, "surgery_but_no_providers": false, "ob_but_no_physician": false}, "geometry": {"type": "Polygon", "coordinates": [[[-83.6116, 32.6944], [-83.5972, 32.7147], [-83.6026, 32.7192], [-83.6022, 32.7414], [-83.5787, 32.7381], [-83.5538, 32.7589], [-83.5162, 32.7899], [-83.4929, 32.8051], [-83.4894, 32.8241], [-83.5135, 32.8449], [-83.487, 32.8581], [-83.407, 32.8982], [-83.3705, 32.8339], [-83.3346, 32.7706], [-83.3, 32.7097], [-83.2515, 32.624], [-83.2265, 32.5842], [-83.4, 32.5002], [-83.408, 32.5037], [-83.4088, 32.4957], [-83.4979, 32.4522], [-83.4884, 32.4851], [-83.5179, 32.4989], [-83.5399, 32.5245], [-83.5357, 32.5291], [-83.5481, 32.5719], [-83.5351, 32.5866], [-83.5429, 32.6258], [-83.5558, 32.6525], [-83.5977, 32.6643], [-83.6116, 32.6944]]]}}, {"type": "Feature", "properties": {"county_fips": "13173", "county": "Lanier", "population_2025": 10623, "births_2025": 112, "anesthesiologists": 0, "anesthesiologist_assistants": 0, "crnas": 0, "pediatric_anesthesiologists": 0, "total_providers": 0, "physician_anesthesiologists": 0, "providers_per_100k": 0.0, "physicians_per_100k": 0.0, "also_serves_providers": 0, "hospitals": 1, "surgical_hospitals": 0, "cms_ob_hospitals": 0, "critical_access_hospitals": 1, "rural_emergency_hospitals": 0, "dch_ob_county": false, "has_ob_services": false, "no_providers": true, "surgery_but_no_providers": false, "ob_but_no_physician": false}, "geometry": {"type": "Polygon", "coordinates": [[[-83.1979, 31.0622], [-83.1671, 31.0655], [-83.165, 31.1273], [-83.1651, 31.1472], [-83.0382, 31.1467], [-83.0395, 31.1568], [-83.0501, 31.1836], [-83.0469, 31.1837], [-82.9712, 31.184], [-82.9705, 30.9498], [-82.9713, 30.8694], [-83.0071, 30.8591], [-83.0114, 30.8475], [-83.0194, 30.8495], [-83.026, 30.8647], [-83.0204, 30.9043], [-83.0429, 30.9473], [-83.1333, 30.949], [-83.1795, 30.9501], [-83.1806, 31.0255], [-83.198, 31.0254], [-83.1979, 31.0622]]]}}, {"type": "Feature", "properties": {"county_fips": "13097", "county": "Douglas", "population_2025": 154293, "births_2025": 1724, "anesthesiologists": 4, "anesthesiologist_assistants": 5, "crnas": 3, "pediatric_anesthesiologists": 0, "total_providers": 12, "physician_anesthesiologists": 4, "providers_per_100k": 7.8, "physicians_per_100k": 2.6, "also_serves_providers": 129, "hospitals": 1, "surgical_hospitals": 1, "cms_ob_hospitals": 1, "critical_access_hospitals": 0, "rural_emergency_hospitals": 0, "dch_ob_county": true, "has_ob_services": true, "no_providers": false, "surgery_but_no_providers": false, "ob_but_no_physician": false}, "geometry": {"type": "Polygon", "coordinates": [[[-84.9109, 33.731], [-84.9023, 33.7306], [-84.902, 33.7483], [-84.9017, 33.7807], [-84.8972, 33.7795], [-84.8792, 33.7748], [-84.8588, 33.7752], [-84.7999, 33.7799], [-84.7936, 33.7832], [-84.7864, 33.7843], [-84.7675, 33.7869], [-84.7504, 33.7877], [-84.7502, 33.7877], [-84.731, 33.7886], [-84.7241, 33.7914], [-84.7241, 33.8064], [-84.6971, 33.806], [-84.6714, 33.8057], [-84.6527, 33.8054], [-84.6245, 33.8051], [-84.6216, 33.8025], [-84.6205, 33.8014], [-84.62, 33.8007], [-84.6163, 33.7949], [-84.6067, 33.7829], [-84.6019, 33.7768], [-84.6017, 33.7766], [-84.5811, 33.7499], [-84.5779, 33.7437], [-84.5826, 33.7374], [-84.5854, 33.7305], [-84.6052, 33.7171], [-84.6326, 33.6993], [-84.6301, 33.6931], [-84.6527, 33.6836], [-84.6614, 33.657], [-84.6739, 33.6565], [-84.6771, 33.6554], [-84.73, 33.6365], [-84.7357, 33.6246], [-84.7418, 33.6238], [-84.7527, 33.6302], [-84.7631, 33.6142], [-84.7833, 33.6036], [-84.8057, 33.5864], [-84.8089, 33.5741], [-84.8243, 33.5766], [-84.9014, 33.5734], [-84.9056, 33.5852], [-84.9049, 33.6052], [-84.9035, 33.6399], [-84.9025, 33.6611], [-84.9023, 33.6745], [-84.9017, 33.7035], [-84.9016, 33.722], [-84.9109, 33.7302], [-84.9109, 33.731]]]}}, {"type": "Feature", "properties": {"county_fips": "13075", "county": "Cook", "population_2025": 18232, "births_2025": 233, "anesthesiologists": 0, "anesthesiologist_assistants": 0, "crnas": 0, "pediatric_anesthesiologists": 0, "total_providers": 0, "physician_anesthesiologists": 0, "providers_per_100k": 0.0, "physicians_per_100k": 0.0, "also_serves_providers": 7, "hospitals": 1, "surgical_hospitals": 1, "cms_ob_hospitals": 0, "critical_access_hospitals": 0, "rural_emergency_hospitals": 0, "dch_ob_county": false, "has_ob_services": false, "no_providers": true, "surgery_but_no_providers": true, "ob_but_no_physician": false}, "geometry": {"type": "Polygon", "coordinates": [[[-83.577, 31.0804], [-83.569, 31.0875], [-83.5573, 31.1105], [-83.5555, 31.1448], [-83.5437, 31.1478], [-83.5405, 31.1792], [-83.532, 31.1808], [-83.5098, 31.2062], [-83.5081, 31.2222], [-83.5101, 31.2265], [-83.5135, 31.2285], [-83.5054, 31.2596], [-83.5153, 31.3023], [-83.5126, 31.3274], [-83.4606, 31.3263], [-83.4345, 31.3504], [-83.4388, 31.3164], [-83.4332, 31.2989], [-83.4094, 31.2868], [-83.3857, 31.2585], [-83.3448, 31.2511], [-83.3332, 31.2393], [-83.3342, 31.1915], [-83.3223, 31.1772], [-83.3056, 31.1672], [-83.3048, 31.1479], [-83.3213, 31.1202], [-83.3219, 31.0977], [-83.3173, 31.0956], [-83.2798, 31.0634], [-83.2951, 31.0273], [-83.2955, 31.0273], [-83.3979, 31.0299], [-83.4756, 31.032], [-83.5026, 31.0531], [-83.542, 31.0511], [-83.5647, 31.0679], [-83.5749, 31.0781], [-83.577, 31.0804]]]}}, {"type": "Feature", "properties": {"county_fips": "13161", "county": "Jeff Davis", "population_2025": 15219, "births_2025": 174, "anesthesiologists": 0, "anesthesiologist_assistants": 0, "crnas": 1, "pediatric_anesthesiologists": 0, "total_providers": 1, "physician_anesthesiologists": 0, "providers_per_100k": 6.6, "physicians_per_100k": 0.0, "also_serves_providers": 0, "hospitals": 1, "surgical_hospitals": 1, "cms_ob_hospitals": 0, "critical_access_hospitals": 1, "rural_emergency_hospitals": 0, "dch_ob_county": false, "has_ob_services": false, "no_providers": false, "surgery_but_no_providers": false, "ob_but_no_physician": false}, "geometry": {"type": "Polygon", "coordinates": [[[-82.8364, 31.8162], [-82.8247, 31.8135], [-82.7958, 31.8351], [-82.7728, 31.8617], [-82.7572, 31.857], [-82.7308, 31.8827], [-82.6999, 31.9036], [-82.6769, 31.9103], [-82.6744, 31.92], [-82.6577, 31.9236], [-82.6457, 31.9189], [-82.6034, 31.9376], [-82.565, 31.9571], [-82.5445, 31.9559], [-82.5437, 31.9589], [-82.5331, 31.9614], [-82.5171, 31.9579], [-82.4915, 31.9487], [-82.4802, 31.955], [-82.4995, 31.9606], [-82.4831, 31.969], [-82.4796, 31.9717], [-82.4582, 31.9639], [-82.4315, 31.9662], [-82.4314, 31.8444], [-82.4314, 31.838], [-82.4587, 31.8381], [-82.5189, 31.8384], [-82.5202, 31.7492], [-82.5507, 31.7491], [-82.5507, 31.7363], [-82.5206, 31.7362], [-82.5214, 31.7108], [-82.5214, 31.6725], [-82.5352, 31.6726], [-82.5595, 31.6726], [-82.6273, 31.6727], [-82.8174, 31.6713], [-82.8366, 31.6714], [-82.8364, 31.8162]]]}}, {"type": "Feature", "properties": {"county_fips": "13195", "county": "Madison", "population_2025": 32919, "births_2025": 413, "anesthesiologists": 0, "anesthesiologist_assistants": 0, "crnas": 0, "pediatric_anesthesiologists": 0, "total_providers": 0, "physician_anesthesiologists": 0, "providers_per_100k": 0.0, "physicians_per_100k": 0.0, "also_serves_providers": 0, "hospitals": 0, "surgical_hospitals": 0, "cms_ob_hospitals": 0, "critical_access_hospitals": 0, "rural_emergency_hospitals": 0, "dch_ob_county": false, "has_ob_services": false, "no_providers": true, "surgery_but_no_providers": false, "ob_but_no_physician": false}, "geometry": {"type": "Polygon", "coordinates": [[[-83.4024, 34.1975], [-83.373, 34.206], [-83.3553, 34.2237], [-83.329, 34.2484], [-83.2976, 34.2646], [-83.2865, 34.2533], [-83.2504, 34.2435], [-83.2371, 34.2481], [-83.2028, 34.2483], [-83.1663, 34.2423], [-83.1134, 34.2735], [-83.1158, 34.2621], [-83.078, 34.2236], [-83.0955, 34.2025], [-83.1025, 34.1731], [-83.0974, 34.1639], [-83.0675, 34.1548], [-83.0479, 34.1211], [-83.031, 34.1133], [-83.0362, 34.0985], [-82.9915, 34.0651], [-82.9763, 34.0432], [-83.0016, 34.0309], [-83.0289, 34.031], [-83.0489, 34.0158], [-83.0595, 34.019], [-83.0906, 34.0326], [-83.101, 34.0248], [-83.1244, 34.0476], [-83.165, 34.034], [-83.1877, 34.0182], [-83.1914, 34.0125], [-83.2207, 34.0005], [-83.237, 34.0136], [-83.2584, 33.9991], [-83.2635, 34.0063], [-83.2802, 34.0036], [-83.2995, 34.0128], [-83.309, 34.0189], [-83.3267, 34.0287], [-83.3395, 34.0325], [-83.3595, 34.0403], [-83.3868, 34.0502], [-83.3814, 34.0785], [-83.3743, 34.0822], [-83.3571, 34.1162], [-83.361, 34.1484], [-83.3638, 34.1641], [-83.3794, 34.1713], [-83.4024, 34.1975]]]}}, {"type": "Feature", "properties": {"county_fips": "13003", "county": "Atkinson", "population_2025": 8454, "births_2025": 145, "anesthesiologists": 0, "anesthesiologist_assistants": 0, "crnas": 0, "pediatric_anesthesiologists": 0, "total_providers": 0, "physician_anesthesiologists": 0, "providers_per_100k": 0.0, "physicians_per_100k": 0.0, "also_serves_providers": 0, "hospitals": 0, "surgical_hospitals": 0, "cms_ob_hospitals": 0, "critical_access_hospitals": 0, "rural_emergency_hospitals": 0, "dch_ob_county": false, "has_ob_services": false, "no_providers": true, "surgery_but_no_providers": false, "ob_but_no_physician": false}, "geometry": {"type": "Polygon", "coordinates": [[[-83.1405, 31.4204], [-82.9585, 31.4173], [-82.9583, 31.4099], [-82.9581, 31.403], [-82.9263, 31.4028], [-82.8496, 31.4032], [-82.8379, 31.4009], [-82.8172, 31.3645], [-82.6969, 31.3641], [-82.6678, 31.3639], [-82.629, 31.3639], [-82.6296, 31.2747], [-82.6636, 31.2879], [-82.6992, 31.2781], [-82.701, 31.2232], [-82.6908, 31.2234], [-82.6717, 31.1837], [-82.7844, 31.1833], [-82.9667, 31.184], [-82.9712, 31.184], [-83.0469, 31.1837], [-83.0511, 31.2123], [-83.0452, 31.2203], [-83.0335, 31.275], [-83.0583, 31.3083], [-83.0596, 31.3299], [-83.1109, 31.368], [-83.1152, 31.3861], [-83.1415, 31.4039], [-83.1405, 31.4204]]]}}, {"type": "Feature", "properties": {"county_fips": "13303", "county": "Washington", "population_2025": 19453, "births_2025": 154, "anesthesiologists": 0, "anesthesiologist_assistants": 0, "crnas": 3, "pediatric_anesthesiologists": 0, "total_providers": 3, "physician_anesthesiologists": 0, "providers_per_100k": 15.4, "physicians_per_100k": 0.0, "also_serves_providers": 2, "hospitals": 1, "surgical_hospitals": 1, "cms_ob_hospitals": 1, "critical_access_hospitals": 0, "rural_emergency_hospitals": 0, "dch_ob_county": false, "has_ob_services": false, "no_providers": false, "surgery_but_no_providers": false, "ob_but_no_physician": false}, "geometry": {"type": "Polygon", "coordinates": [[[-83.0682, 32.9744], [-83.0491, 32.9856], [-83.0513, 33.0031], [-83.0677, 33.0274], [-83.0448, 33.0607], [-83.0522, 33.0807], [-83.0097, 33.0806], [-82.9701, 33.1093], [-82.9593, 33.107], [-82.9267, 33.1163], [-82.9145, 33.1268], [-82.901, 33.1285], [-82.8889, 33.1386], [-82.8677, 33.1784], [-82.855, 33.1964], [-82.832, 33.202], [-82.8259, 33.2105], [-82.7989, 33.2217], [-82.778, 33.2384], [-82.7483, 33.2383], [-82.7334, 33.2081], [-82.7395, 33.1744], [-82.719, 33.1701], [-82.7087, 33.152], [-82.6619, 33.1263], [-82.6619, 33.1263], [-82.6458, 33.1011], [-82.6381, 33.1007], [-82.6416, 33.0844], [-82.6129, 33.0578], [-82.6179, 33.0511], [-82.6043, 33.0455], [-82.598, 33.032], [-82.556, 33.0141], [-82.5502, 33.0194], [-82.5394, 32.9478], [-82.511, 32.9164], [-82.526, 32.8336], [-82.5211, 32.8224], [-82.5606, 32.8201], [-82.5744, 32.8157], [-82.6098, 32.7978], [-82.667, 32.7829], [-82.6808, 32.7968], [-82.71, 32.7847], [-82.7376, 32.7801], [-82.7686, 32.7691], [-82.7754, 32.7949], [-82.8025, 32.8098], [-82.947, 32.7594], [-82.9554, 32.7565], [-82.9608, 32.7747], [-82.9544, 32.8018], [-82.9743, 32.8392], [-82.9874, 32.8469], [-82.989, 32.8527], [-83.0297, 32.8604], [-83.0486, 32.8878], [-83.0483, 32.9101], [-83.0679, 32.9422], [-83.0736, 32.9466], [-83.0682, 32.9744]]]}}, {"type": "Feature", "properties": {"county_fips": "13105", "county": "Elbert", "population_2025": 20072, "births_2025": 202, "anesthesiologists": 0, "anesthesiologist_assistants": 0, "crnas": 0, "pediatric_anesthesiologists": 0, "total_providers": 0, "physician_anesthesiologists": 0, "providers_per_100k": 0.0, "physicians_per_100k": 0.0, "also_serves_providers": 0, "hospitals": 1, "surgical_hospitals": 1, "cms_ob_hospitals": 0, "critical_access_hospitals": 1, "rural_emergency_hospitals": 0, "dch_ob_county": false, "has_ob_services": false, "no_providers": true, "surgery_but_no_providers": true, "ob_but_no_physician": false}, "geometry": {"type": "Polygon", "coordinates": [[[-83.1025, 34.1731], [-83.0955, 34.2025], [-83.078, 34.2236], [-83.0188, 34.2341], [-83.0035, 34.2313], [-82.98, 34.2101], [-82.9345, 34.2349], [-82.9155, 34.2477], [-82.8792, 34.257], [-82.824, 34.2705], [-82.7737, 34.2887], [-82.7709, 34.2854], [-82.7653, 34.2815], [-82.7629, 34.282], [-82.762, 34.2815], [-82.755, 34.2761], [-82.7499, 34.2709], [-82.7467, 34.2664], [-82.7487, 34.2641], [-82.7488, 34.2634], [-82.7441, 34.2524], [-82.745, 34.2449], [-82.7448, 34.243], [-82.742, 34.2302], [-82.7435, 34.2273], [-82.7444, 34.2249], [-82.7404, 34.2197], [-82.7405, 34.2184], [-82.7424, 34.2138], [-82.7421, 34.2117], [-82.7419, 34.2101], [-82.7328, 34.1953], [-82.732, 34.1932], [-82.7324, 34.1806], [-82.7319, 34.1784], [-82.7308, 34.1759], [-82.7254, 34.1698], [-82.7233, 34.1659], [-82.7212, 34.1602], [-82.7175, 34.1505], [-82.7154, 34.1482], [-82.7041, 34.141], [-82.6998, 34.1393], [-82.6955, 34.1388], [-82.6922, 34.139], [-82.6904, 34.1383], [-82.6863, 34.1345], [-82.6773, 34.1317], [-82.6752, 34.1298], [-82.6681, 34.1202], [-82.6669, 34.1136], [-82.6619, 34.1078], [-82.6603, 34.1069], [-82.6591, 34.1035], [-82.6586, 34.1031], [-82.654, 34.1003], [-82.6522, 34.0997], [-82.6482, 34.0986], [-82.647, 34.0978], [-82.6416, 34.0922], [-82.641, 34.0909], [-82.6413, 34.0889], [-82.6407, 34.0883], [-82.6402, 34.0876], [-82.6403, 34.0863], [-82.6428, 34.0813], [-82.6452, 34.079], [-82.6455, 34.0768], [-82.6457, 34.076], [-82.644, 34.0722], [-82.6405, 34.0676], [-82.636, 34.0649], [-82.6336, 34.0648], [-82.631, 34.0655], [-82.627, 34.0635], [-82.6222, 34.0585], [-82.6213, 34.0569], [-82.621, 34.0544], [-82.6192, 34.0513], [-82.6134, 34.0468], [-82.6097, 34.0399], [-82.6031, 34.0348], [-82.5962, 34.0305], [-82.5946, 34.0287], [-82.5941, 34.0259], [-82.5959, 34.0185], [-82.5957, 34.0161], [-82.5945, 34.0139], [-82.5919, 34.009], [-82.5892, 34.0001], [-82.5862, 33.9972], [-82.5834, 33.9953], [-82.5777, 33.9937], [-82.5762, 33.9931], [-82.5755, 33.992], [-82.5754, 33.9909], [-82.5763, 33.9897], [-82.5782, 33.9887], [-82.58, 33.987], [-82.5806, 33.9851], [-82.5806, 33.9825], [-82.5796, 33.9798], [-82.5775, 33.977], [-82.5747, 33.9741], [-82.5699, 33.9707], [-82.5683, 33.9688], [-82.5661, 33.9639], [-82.5657, 33.9587], [-82.5646, 33.9558], [-82.5645, 33.9557], [-82.6028, 33.9798], [-82.625, 33.9823], [-82.6397, 33.973], [-82.6455, 33.9842], [-82.6549, 33.9913], [-82.7017, 33.9813], [-82.7187, 33.9848], [-82.7536, 33.9723], [-82.7709, 33.9726], [-82.7795, 33.9711], [-82.8246, 33.9844], [-82.8634, 33.983], [-82.8857, 34.0001], [-82.9275, 34.0074], [-82.9435, 34.0278], [-82.9763, 34.0432], [-82.9915, 34.0651], [-83.0362, 34.0985], [-83.031, 34.1133], [-83.0479, 34.1211], [-83.0675, 34.1548], [-83.0974, 34.1639], [-83.1025, 34.1731]]]}}, {"type": "Feature", "properties": {"county_fips": "13169", "county": "Jones", "population_2025": 29171, "births_2025": 271, "anesthesiologists": 0, "anesthesiologist_assistants": 0, "crnas": 0, "pediatric_anesthesiologists": 0, "total_providers": 0, "physician_anesthesiologists": 0, "providers_per_100k": 0.0, "physicians_per_100k": 0.0, "also_serves_providers": 1, "hospitals": 0, "surgical_hospitals": 0, "cms_ob_hospitals": 0, "critical_access_hospitals": 0, "rural_emergency_hospitals": 0, "dch_ob_county": false, "has_ob_services": false, "no_providers": true, "surgery_but_no_providers": false, "ob_but_no_physician": false}, "geometry": {"type": "Polygon", "coordinates": [[[-83.816, 33.1318], [-83.5459, 33.1719], [-83.4328, 33.1833], [-83.4291, 33.1854], [-83.4177, 33.1251], [-83.4033, 33.0725], [-83.394, 33.0432], [-83.3927, 33.0387], [-83.3577, 32.9261], [-83.407, 32.8982], [-83.487, 32.8581], [-83.5135, 32.8449], [-83.5234, 32.8413], [-83.5487, 32.8634], [-83.5593, 32.8722], [-83.5651, 32.8772], [-83.5793, 32.8658], [-83.5922, 32.8806], [-83.5995, 32.8878], [-83.6124, 32.8878], [-83.6312, 32.8878], [-83.6586, 32.8878], [-83.6633, 32.8987], [-83.6745, 32.9029], [-83.696, 32.9169], [-83.7006, 32.944], [-83.7107, 32.9528], [-83.7059, 32.9623], [-83.7224, 32.9757], [-83.7268, 33.0166], [-83.7212, 33.0234], [-83.747, 33.0634], [-83.7739, 33.0794], [-83.816, 33.1318]]]}}, {"type": "Feature", "properties": {"county_fips": "13123", "county": "Gilmer", "population_2025": 33894, "births_2025": 348, "anesthesiologists": 0, "anesthesiologist_assistants": 0, "crnas": 1, "pediatric_anesthesiologists": 0, "total_providers": 1, "physician_anesthesiologists": 0, "providers_per_100k": 3.0, "physicians_per_100k": 0.0, "also_serves_providers": 0, "hospitals": 0, "surgical_hospitals": 0, "cms_ob_hospitals": 0, "critical_access_hospitals": 0, "rural_emergency_hospitals": 0, "dch_ob_county": false, "has_ob_services": false, "no_providers": false, "surgery_but_no_providers": false, "ob_but_no_physician": false}, "geometry": {"type": "Polygon", "coordinates": [[[-84.6571, 34.7289], [-84.639, 34.7544], [-84.6415, 34.7774], [-84.6273, 34.7847], [-84.6077, 34.7962], [-84.5822, 34.8246], [-84.6186, 34.8554], [-84.4263, 34.8549], [-84.4226, 34.8575], [-84.4173, 34.8498], [-84.3574, 34.8259], [-84.3437, 34.8248], [-84.3108, 34.8016], [-84.2522, 34.7182], [-84.2523, 34.6646], [-84.2426, 34.6709], [-84.2265, 34.6539], [-84.1939, 34.6388], [-84.1968, 34.6179], [-84.2239, 34.597], [-84.2547, 34.5975], [-84.2553, 34.5683], [-84.3024, 34.5783], [-84.3102, 34.5796], [-84.329, 34.5834], [-84.3456, 34.5627], [-84.3715, 34.5629], [-84.3714, 34.5485], [-84.4372, 34.5493], [-84.4679, 34.55], [-84.468, 34.5635], [-84.4767, 34.5501], [-84.5204, 34.5567], [-84.5214, 34.5505], [-84.6193, 34.5494], [-84.6544, 34.5489], [-84.6545, 34.5829], [-84.6545, 34.5832], [-84.6545, 34.6079], [-84.6548, 34.6656], [-84.6571, 34.7289]]]}}, {"type": "Feature", "properties": {"county_fips": "13301", "county": "Warren", "population_2025": 5269, "births_2025": 48, "anesthesiologists": 0, "anesthesiologist_assistants": 0, "crnas": 0, "pediatric_anesthesiologists": 0, "total_providers": 0, "physician_anesthesiologists": 0, "providers_per_100k": 0.0, "physicians_per_100k": 0.0, "also_serves_providers": 0, "hospitals": 0, "surgical_hospitals": 0, "cms_ob_hospitals": 0, "critical_access_hospitals": 0, "rural_emergency_hospitals": 0, "dch_ob_county": false, "has_ob_services": false, "no_providers": true, "surgery_but_no_providers": false, "ob_but_no_physician": false}, "geometry": {"type": "Polygon", "coordinates": [[[-82.8666, 33.4666], [-82.8231, 33.5041], [-82.8153, 33.5211], [-82.7876, 33.5107], [-82.7473, 33.5117], [-82.7401, 33.5286], [-82.7224, 33.5388], [-82.7192, 33.564], [-82.705, 33.5875], [-82.68, 33.5998], [-82.6523, 33.5962], [-82.6497, 33.6088], [-82.6039, 33.4966], [-82.5877, 33.4573], [-82.5846, 33.4497], [-82.5656, 33.4289], [-82.5536, 33.4156], [-82.5443, 33.3747], [-82.5481, 33.3528], [-82.5358, 33.3575], [-82.5107, 33.342], [-82.45, 33.3405], [-82.4174, 33.3323], [-82.4111, 33.3199], [-82.3838, 33.3121], [-82.432, 33.2748], [-82.5598, 33.3273], [-82.5917, 33.321], [-82.6255, 33.308], [-82.6456, 33.3014], [-82.6784, 33.2742], [-82.7026, 33.2729], [-82.7328, 33.2565], [-82.7558, 33.2534], [-82.7856, 33.2687], [-82.7816, 33.3045], [-82.7925, 33.3094], [-82.8029, 33.365], [-82.8217, 33.3743], [-82.8258, 33.3904], [-82.8241, 33.4276], [-82.8397, 33.4309], [-82.852, 33.4435], [-82.8666, 33.4666]]]}}, {"type": "Feature", "properties": {"county_fips": "13265", "county": "Taliaferro", "population_2025": 1662, "births_2025": 12, "anesthesiologists": 0, "anesthesiologist_assistants": 0, "crnas": 0, "pediatric_anesthesiologists": 0, "total_providers": 0, "physician_anesthesiologists": 0, "providers_per_100k": 0.0, "physicians_per_100k": 0.0, "also_serves_providers": 0, "hospitals": 0, "surgical_hospitals": 0, "cms_ob_hospitals": 0, "critical_access_hospitals": 0, "rural_emergency_hospitals": 0, "dch_ob_county": false, "has_ob_services": false, "no_providers": true, "surgery_but_no_providers": false, "ob_but_no_physician": false}, "geometry": {"type": "Polygon", "coordinates": [[[-83.0109, 33.5856], [-82.9899, 33.6033], [-83.0016, 33.6202], [-82.9877, 33.6289], [-82.9801, 33.6147], [-82.9705, 33.6417], [-82.9507, 33.6608], [-82.9637, 33.6768], [-82.9956, 33.6936], [-82.9931, 33.7015], [-82.949, 33.7333], [-82.9382, 33.7147], [-82.8906, 33.6329], [-82.8797, 33.6207], [-82.8693, 33.6424], [-82.8503, 33.6396], [-82.8121, 33.6553], [-82.8051, 33.6475], [-82.7438, 33.6114], [-82.6923, 33.62], [-82.68, 33.5998], [-82.705, 33.5875], [-82.7192, 33.564], [-82.7224, 33.5388], [-82.7401, 33.5286], [-82.7473, 33.5117], [-82.7876, 33.5107], [-82.8153, 33.5211], [-82.8231, 33.5041], [-82.8666, 33.4666], [-82.852, 33.4435], [-82.8726, 33.4464], [-82.9018, 33.4388], [-82.9397, 33.4427], [-82.9512, 33.4518], [-82.9837, 33.4477], [-83.0129, 33.4692], [-82.9856, 33.4898], [-82.987, 33.518], [-83.014, 33.5804], [-83.0109, 33.5856]]]}}, {"type": "Feature", "properties": {"county_fips": "13091", "county": "Dodge", "population_2025": 19663, "births_2025": 207, "anesthesiologists": 0, "anesthesiologist_assistants": 0, "crnas": 1, "pediatric_anesthesiologists": 0, "total_providers": 1, "physician_anesthesiologists": 0, "providers_per_100k": 5.1, "physicians_per_100k": 0.0, "also_serves_providers": 1, "hospitals": 1, "surgical_hospitals": 1, "cms_ob_hospitals": 1, "critical_access_hospitals": 0, "rural_emergency_hospitals": 0, "dch_ob_county": false, "has_ob_services": false, "no_providers": false, "surgery_but_no_providers": false, "ob_but_no_physician": false}, "geometry": {"type": "Polygon", "coordinates": [[[-83.3465, 32.2725], [-83.3461, 32.2838], [-83.3322, 32.284], [-83.2865, 32.3222], [-83.3008, 32.3386], [-83.3025, 32.3439], [-83.1733, 32.4525], [-83.139, 32.4231], [-83.1114, 32.3721], [-83.0745, 32.3032], [-83.0164, 32.1948], [-82.991, 32.1473], [-82.887, 32.198], [-82.8848, 32.1961], [-82.8718, 32.1827], [-82.9279, 32.1353], [-82.9346, 32.1533], [-82.9555, 32.1353], [-82.9421, 32.1241], [-82.9654, 32.1041], [-83.0168, 32.0597], [-83.0952, 31.9941], [-83.2057, 31.9003], [-83.2156, 31.9104], [-83.2264, 31.9359], [-83.2615, 31.9521], [-83.2921, 31.9845], [-83.2848, 32.0031], [-83.2969, 32.0112], [-83.2901, 32.0274], [-83.3077, 32.0509], [-83.3006, 32.0551], [-83.2952, 32.0792], [-83.3243, 32.0956], [-83.3244, 32.104], [-83.3373, 32.1059], [-83.3199, 32.1202], [-83.3089, 32.1257], [-83.3248, 32.1504], [-83.2911, 32.1788], [-83.3739, 32.2497], [-83.3465, 32.2725]]]}}, {"type": "Feature", "properties": {"county_fips": "13151", "county": "Henry", "population_2025": 264922, "births_2025": 2781, "anesthesiologists": 22, "anesthesiologist_assistants": 29, "crnas": 27, "pediatric_anesthesiologists": 0, "total_providers": 78, "physician_anesthesiologists": 22, "providers_per_100k": 29.4, "physicians_per_100k": 8.3, "also_serves_providers": 17, "hospitals": 1, "surgical_hospitals": 1, "cms_ob_hospitals": 1, "critical_access_hospitals": 0, "rural_emergency_hospitals": 0, "dch_ob_county": true, "has_ob_services": true, "no_providers": false, "surgery_but_no_providers": false, "ob_but_no_physician": false}, "geometry": {"type": "Polygon", "coordinates": [[[-84.3538, 33.3973], [-84.3536, 33.4362], [-84.3306, 33.436], [-84.3199, 33.4279], [-84.3042, 33.4274], [-84.3043, 33.4335], [-84.2947, 33.4357], [-84.2943, 33.4581], [-84.2942, 33.4768], [-84.2839, 33.4843], [-84.2838, 33.4956], [-84.2834, 33.5057], [-84.2832, 33.509], [-84.2827, 33.5262], [-84.293, 33.533], [-84.2928, 33.5409], [-84.2839, 33.5491], [-84.2692, 33.549], [-84.2686, 33.549], [-84.2639, 33.5538], [-84.2634, 33.5693], [-84.2634, 33.5723], [-84.2543, 33.5822], [-84.2531, 33.5837], [-84.2439, 33.5986], [-84.2536, 33.6005], [-84.263, 33.607], [-84.2627, 33.6245], [-84.2626, 33.631], [-84.2816, 33.6415], [-84.2817, 33.6473], [-84.2669, 33.6472], [-84.2541, 33.647], [-84.2539, 33.647], [-84.2455, 33.6307], [-84.2376, 33.6307], [-84.2242, 33.6314], [-84.224, 33.6466], [-84.1874, 33.6462], [-84.1841, 33.6462], [-84.1816, 33.6292], [-84.1648, 33.6109], [-84.1499, 33.5873], [-84.1467, 33.5865], [-84.131, 33.5646], [-84.1272, 33.5622], [-84.1063, 33.5662], [-84.0975, 33.56], [-84.09, 33.5548], [-84.0497, 33.5411], [-84.0445, 33.5258], [-84.0448, 33.5249], [-84.0543, 33.52], [-84.0513, 33.511], [-84.0441, 33.5204], [-84.0372, 33.4958], [-84.0111, 33.4925], [-83.9994, 33.4943], [-83.958, 33.4846], [-83.9465, 33.4818], [-83.9479, 33.4772], [-83.927, 33.4525], [-83.9239, 33.4442], [-83.9435, 33.4418], [-83.9435, 33.4253], [-83.9631, 33.4114], [-83.9731, 33.4076], [-83.9637, 33.3785], [-83.984, 33.3682], [-84.0076, 33.3683], [-84.0246, 33.357], [-84.032, 33.3616], [-84.0331, 33.3428], [-84.0537, 33.3194], [-84.073, 33.3176], [-84.0855, 33.298], [-84.1026, 33.2982], [-84.1124, 33.2983], [-84.1509, 33.313], [-84.1506, 33.3356], [-84.177, 33.336], [-84.2473, 33.336], [-84.2474, 33.3526], [-84.2492, 33.3525], [-84.2913, 33.3525], [-84.2966, 33.3525], [-84.3544, 33.3525], [-84.3538, 33.3973]]]}}, {"type": "Feature", "properties": {"county_fips": "13147", "county": "Hart", "population_2025": 28639, "births_2025": 253, "anesthesiologists": 0, "anesthesiologist_assistants": 0, "crnas": 3, "pediatric_anesthesiologists": 0, "total_providers": 3, "physician_anesthesiologists": 0, "providers_per_100k": 10.5, "physicians_per_100k": 0.0, "also_serves_providers": 0, "hospitals": 0, "surgical_hospitals": 0, "cms_ob_hospitals": 0, "critical_access_hospitals": 0, "rural_emergency_hospitals": 0, "dch_ob_county": false, "has_ob_services": false, "no_providers": false, "surgery_but_no_providers": false, "ob_but_no_physician": false}, "geometry": {"type": "Polygon", "coordinates": [[[-83.1134, 34.2735], [-83.1059, 34.2789], [-83.1013, 34.3071], [-83.0962, 34.3381], [-83.1071, 34.3447], [-83.1019, 34.3739], [-83.0941, 34.4161], [-83.0637, 34.4719], [-83.0529, 34.4917], [-83.0495, 34.4951], [-83.0483, 34.4933], [-83.0438, 34.4888], [-83.0347, 34.4835], [-83.0325, 34.483], [-83.0293, 34.4841], [-83.0286, 34.4838], [-83.0029, 34.4721], [-82.9991, 34.4723], [-82.9951, 34.4725], [-82.9953, 34.4756], [-82.9927, 34.4791], [-82.9922, 34.4792], [-82.9796, 34.4827], [-82.9607, 34.482], [-82.9547, 34.4773], [-82.9474, 34.4796], [-82.9409, 34.4861], [-82.9285, 34.4842], [-82.9258, 34.4818], [-82.9229, 34.4814], [-82.9084, 34.4854], [-82.9027, 34.4859], [-82.8829, 34.479], [-82.8769, 34.4753], [-82.8738, 34.4715], [-82.8749, 34.4689], [-82.8759, 34.468], [-82.8765, 34.4658], [-82.8755, 34.4635], [-82.8653, 34.4603], [-82.8622, 34.4587], [-82.8607, 34.4574], [-82.8609, 34.4515], [-82.8601, 34.4497], [-82.8558, 34.444], [-82.8555, 34.4418], [-82.8544, 34.4323], [-82.8514, 34.4268], [-82.8487, 34.4238], [-82.8485, 34.4233], [-82.8478, 34.4206], [-82.8474, 34.412], [-82.842, 34.3998], [-82.8419, 34.3993], [-82.8413, 34.3973], [-82.842, 34.3925], [-82.8415, 34.3901], [-82.8366, 34.3827], [-82.8352, 34.3739], [-82.8354, 34.3692], [-82.8352, 34.3673], [-82.835, 34.3661], [-82.8337, 34.3642], [-82.8333, 34.364], [-82.8234, 34.3589], [-82.8099, 34.35], [-82.7982, 34.3413], [-82.7952, 34.341], [-82.7941, 34.3398], [-82.7912, 34.331], [-82.7916, 34.3274], [-82.7912, 34.3249], [-82.791, 34.3235], [-82.7868, 34.3104], [-82.7818, 34.3029], [-82.7803, 34.2967], [-82.7737, 34.2887], [-82.824, 34.2705], [-82.8792, 34.257], [-82.9155, 34.2477], [-82.9345, 34.2349], [-82.98, 34.2101], [-83.0035, 34.2313], [-83.0188, 34.2341], [-83.078, 34.2236], [-83.1158, 34.2621], [-83.1134, 34.2735]]]}}, {"type": "Feature", "properties": {"county_fips": "13099", "county": "Early", "population_2025": 10455, "births_2025": 148, "anesthesiologists": 0, "anesthesiologist_assistants": 0, "crnas": 0, "pediatric_anesthesiologists": 0, "total_providers": 0, "physician_anesthesiologists": 0, "providers_per_100k": 0.0, "physicians_per_100k": 0.0, "also_serves_providers": 0, "hospitals": 1, "surgical_hospitals": 0, "cms_ob_hospitals": 0, "critical_access_hospitals": 1, "rural_emergency_hospitals": 0, "dch_ob_county": false, "has_ob_services": false, "no_providers": true, "surgery_but_no_providers": false, "ob_but_no_physician": false}, "geometry": {"type": "Polygon", "coordinates": [[[-85.1015, 31.2862], [-85.0898, 31.295], [-85.0888, 31.3086], [-85.0867, 31.34], [-85.0925, 31.3629], [-85.0877, 31.3742], [-85.0776, 31.3981], [-85.08, 31.4105], [-85.066, 31.4314], [-85.0716, 31.4684], [-85.0473, 31.5139], [-85.0456, 31.5172], [-85.0294, 31.5187], [-85.0292, 31.4861], [-84.9863, 31.4889], [-84.9711, 31.4973], [-84.9359, 31.5026], [-84.8198, 31.5012], [-84.7966, 31.5013], [-84.789, 31.4364], [-84.6647, 31.4344], [-84.6376, 31.4339], [-84.6383, 31.3417], [-84.6276, 31.3321], [-84.6381, 31.3321], [-84.6417, 31.259], [-84.6417, 31.2565], [-84.664, 31.2594], [-84.6833, 31.2514], [-84.7848, 31.2531], [-84.814, 31.2536], [-84.9174, 31.256], [-84.9224, 31.0726], [-85.0236, 31.0755], [-85.0266, 31.081], [-85.0356, 31.1082], [-85.0529, 31.1195], [-85.0766, 31.1569], [-85.0934, 31.1623], [-85.1075, 31.1865], [-85.1065, 31.1895], [-85.0998, 31.2098], [-85.0988, 31.2325], [-85.1145, 31.2763], [-85.1015, 31.2862]]]}}, {"type": "Feature", "properties": {"county_fips": "13063", "county": "Clayton", "population_2025": 297471, "births_2025": 3328, "anesthesiologists": 16, "anesthesiologist_assistants": 17, "crnas": 11, "pediatric_anesthesiologists": 0, "total_providers": 44, "physician_anesthesiologists": 16, "providers_per_100k": 14.8, "physicians_per_100k": 5.4, "also_serves_providers": 8, "hospitals": 1, "surgical_hospitals": 1, "cms_ob_hospitals": 1, "critical_access_hospitals": 0, "rural_emergency_hospitals": 0, "dch_ob_county": true, "has_ob_services": true, "no_providers": false, "surgery_but_no_providers": false, "ob_but_no_physician": false}, "geometry": {"type": "Polygon", "coordinates": [[[-84.4589, 33.5654], [-84.4583, 33.5864], [-84.4582, 33.5944], [-84.4582, 33.5999], [-84.4581, 33.6162], [-84.458, 33.6189], [-84.4581, 33.6292], [-84.4577, 33.6489], [-84.4529, 33.6441], [-84.4458, 33.6488], [-84.4049, 33.6485], [-84.3974, 33.6483], [-84.38, 33.6483], [-84.3654, 33.6481], [-84.3501, 33.6479], [-84.3359, 33.6479], [-84.3271, 33.6478], [-84.3188, 33.6477], [-84.2826, 33.6473], [-84.2817, 33.6473], [-84.2816, 33.6415], [-84.2626, 33.631], [-84.2627, 33.6245], [-84.263, 33.607], [-84.2536, 33.6005], [-84.2439, 33.5986], [-84.2531, 33.5837], [-84.2543, 33.5822], [-84.2634, 33.5723], [-84.2634, 33.5693], [-84.2639, 33.5538], [-84.2686, 33.549], [-84.2692, 33.549], [-84.2839, 33.5491], [-84.2928, 33.5409], [-84.293, 33.533], [-84.2827, 33.5262], [-84.2832, 33.509], [-84.2834, 33.5057], [-84.2838, 33.4956], [-84.2839, 33.4843], [-84.2942, 33.4768], [-84.2943, 33.4581], [-84.2947, 33.4357], [-84.3043, 33.4335], [-84.3042, 33.4274], [-84.3199, 33.4279], [-84.3306, 33.436], [-84.3536, 33.4362], [-84.3538, 33.3973], [-84.3544, 33.3525], [-84.3881, 33.3525], [-84.3951, 33.3603], [-84.3899, 33.3857], [-84.3916, 33.3871], [-84.3927, 33.3871], [-84.3946, 33.3885], [-84.3886, 33.412], [-84.3931, 33.412], [-84.3931, 33.42], [-84.4023, 33.4201], [-84.4021, 33.4253], [-84.4022, 33.4364], [-84.3837, 33.4444], [-84.3887, 33.4479], [-84.3848, 33.4587], [-84.3816, 33.463], [-84.3975, 33.4857], [-84.4206, 33.494], [-84.4275, 33.5171], [-84.4336, 33.5244], [-84.4339, 33.5352], [-84.4394, 33.5507], [-84.4587, 33.5509], [-84.4589, 33.5598], [-84.4589, 33.5654]]]}}, {"type": "Feature", "properties": {"county_fips": "13191", "county": "McIntosh", "population_2025": 11989, "births_2025": 116, "anesthesiologists": 0, "anesthesiologist_assistants": 0, "crnas": 0, "pediatric_anesthesiologists": 0, "total_providers": 0, "physician_anesthesiologists": 0, "providers_per_100k": 0.0, "physicians_per_100k": 0.0, "also_serves_providers": 0, "hospitals": 0, "surgical_hospitals": 0, "cms_ob_hospitals": 0, "critical_access_hospitals": 0, "rural_emergency_hospitals": 0, "dch_ob_county": false, "has_ob_services": false, "no_providers": true, "surgery_but_no_providers": false, "ob_but_no_physician": false}, "geometry": {"type": "Polygon", "coordinates": [[[-81.6632, 31.5387], [-81.6222, 31.5513], [-81.5691, 31.5751], [-81.566, 31.5765], [-81.4918, 31.6996], [-81.466, 31.6943], [-81.468, 31.6791], [-81.4342, 31.6411], [-81.4176, 31.6521], [-81.3995, 31.6442], [-81.3781, 31.6549], [-81.335, 31.6506], [-81.3145, 31.6594], [-81.3024, 31.6507], [-81.2619, 31.6501], [-81.2344, 31.6378], [-81.1901, 31.5981], [-81.1926, 31.5788], [-81.194, 31.5681], [-81.1944, 31.5681], [-81.2043, 31.5682], [-81.2145, 31.5576], [-81.2407, 31.5523], [-81.2542, 31.5559], [-81.2601, 31.5483], [-81.2626, 31.5379], [-81.2639, 31.5326], [-81.2634, 31.5309], [-81.2588, 31.5291], [-81.2551, 31.5289], [-81.2414, 31.5283], [-81.2179, 31.5273], [-81.2135, 31.5282], [-81.1995, 31.5376], [-81.193, 31.5358], [-81.1816, 31.5277], [-81.1783, 31.5224], [-81.1773, 31.5171], [-81.1896, 31.5036], [-81.2049, 31.4731], [-81.2469, 31.4228], [-81.2586, 31.4044], [-81.2771, 31.3704], [-81.2788, 31.3672], [-81.2793, 31.3511], [-81.2829, 31.3265], [-81.2745, 31.3262], [-81.268, 31.3242], [-81.2548, 31.3155], [-81.261, 31.3039], [-81.2699, 31.2945], [-81.2982, 31.2925], [-81.3191, 31.3092], [-81.3688, 31.3187], [-81.383, 31.3171], [-81.4015, 31.2952], [-81.4078, 31.291], [-81.4035, 31.3077], [-81.4359, 31.3133], [-81.435, 31.3293], [-81.4477, 31.3281], [-81.4679, 31.3385], [-81.4811, 31.336], [-81.5055, 31.3556], [-81.5343, 31.3678], [-81.5359, 31.3764], [-81.5514, 31.3781], [-81.5776, 31.3994], [-81.5867, 31.415], [-81.6051, 31.4269], [-81.607, 31.4397], [-81.6243, 31.453], [-81.6121, 31.4694], [-81.6582, 31.5101], [-81.6523, 31.5286], [-81.6632, 31.5387]]]}}, {"type": "Feature", "properties": {"county_fips": "13211", "county": "Morgan", "population_2025": 22095, "births_2025": 223, "anesthesiologists": 3, "anesthesiologist_assistants": 0, "crnas": 2, "pediatric_anesthesiologists": 0, "total_providers": 5, "physician_anesthesiologists": 3, "providers_per_100k": 22.6, "physicians_per_100k": 13.6, "also_serves_providers": 0, "hospitals": 1, "surgical_hospitals": 1, "cms_ob_hospitals": 0, "critical_access_hospitals": 1, "rural_emergency_hospitals": 0, "dch_ob_county": false, "has_ob_services": false, "no_providers": false, "surgery_but_no_providers": false, "ob_but_no_physician": false}, "geometry": {"type": "Polygon", "coordinates": [[[-83.6809, 33.5969], [-83.6001, 33.6989], [-83.5902, 33.7114], [-83.5347, 33.7815], [-83.5264, 33.7961], [-83.5059, 33.8178], [-83.4922, 33.8052], [-83.4808, 33.8027], [-83.4619, 33.7741], [-83.445, 33.7224], [-83.4093, 33.7019], [-83.4062, 33.6983], [-83.3948, 33.6903], [-83.384, 33.6666], [-83.3625, 33.64], [-83.3598, 33.6258], [-83.3595, 33.6223], [-83.3479, 33.6088], [-83.3488, 33.5972], [-83.338, 33.5974], [-83.3108, 33.563], [-83.2784, 33.5446], [-83.2696, 33.5344], [-83.2809, 33.5221], [-83.2799, 33.4834], [-83.2991, 33.48], [-83.3908, 33.4634], [-83.5337, 33.4345], [-83.6534, 33.5079], [-83.6822, 33.5262], [-83.6777, 33.5712], [-83.6874, 33.5886], [-83.6809, 33.5969]]]}}, {"type": "Feature", "properties": {"county_fips": "13249", "county": "Schley", "population_2025": 4593, "births_2025": 48, "anesthesiologists": 0, "anesthesiologist_assistants": 0, "crnas": 0, "pediatric_anesthesiologists": 0, "total_providers": 0, "physician_anesthesiologists": 0, "providers_per_100k": 0.0, "physicians_per_100k": 0.0, "also_serves_providers": 0, "hospitals": 0, "surgical_hospitals": 0, "cms_ob_hospitals": 0, "critical_access_hospitals": 0, "rural_emergency_hospitals": 0, "dch_ob_county": false, "has_ob_services": false, "no_providers": true, "surgery_but_no_providers": false, "ob_but_no_physician": false}, "geometry": {"type": "Polygon", "coordinates": [[[-84.4201, 32.1917], [-84.4295, 32.2322], [-84.4104, 32.2319], [-84.4102, 32.2582], [-84.4133, 32.2975], [-84.3899, 32.2972], [-84.39, 32.3134], [-84.3923, 32.414], [-84.3818, 32.428], [-84.3624, 32.428], [-84.3632, 32.3976], [-84.3233, 32.3978], [-84.3238, 32.3725], [-84.2546, 32.3721], [-84.2559, 32.2962], [-84.2192, 32.2913], [-84.2201, 32.2337], [-84.2048, 32.2306], [-84.1817, 32.2297], [-84.1836, 32.1585], [-84.2132, 32.1592], [-84.2606, 32.1592], [-84.2693, 32.1662], [-84.2799, 32.1593], [-84.2826, 32.1638], [-84.4302, 32.1663], [-84.4201, 32.1917]]]}}, {"type": "Feature", "properties": {"county_fips": "13229", "county": "Pierce", "population_2025": 20764, "births_2025": 219, "anesthesiologists": 0, "anesthesiologist_assistants": 0, "crnas": 0, "pediatric_anesthesiologists": 0, "total_providers": 0, "physician_anesthesiologists": 0, "providers_per_100k": 0.0, "physicians_per_100k": 0.0, "also_serves_providers": 0, "hospitals": 0, "surgical_hospitals": 0, "cms_ob_hospitals": 0, "critical_access_hospitals": 0, "rural_emergency_hospitals": 0, "dch_ob_county": false, "has_ob_services": false, "no_providers": true, "surgery_but_no_providers": false, "ob_but_no_physician": false}, "geometry": {"type": "Polygon", "coordinates": [[[-82.4172, 31.4171], [-82.4018, 31.4173], [-82.4015, 31.4303], [-82.3568, 31.4302], [-82.3448, 31.4301], [-82.33, 31.4571], [-82.3006, 31.4678], [-82.3004, 31.4932], [-82.2697, 31.4926], [-82.2559, 31.5174], [-82.2266, 31.5307], [-82.219, 31.5187], [-82.1634, 31.4757], [-82.1511, 31.4699], [-82.1328, 31.4713], [-82.0905, 31.48], [-82.0634, 31.4664], [-82.0528, 31.4546], [-82.0575, 31.4091], [-82.0411, 31.3737], [-82.0408, 31.3628], [-82.0202, 31.3274], [-81.9921, 31.3079], [-81.9972, 31.2886], [-82.0076, 31.2756], [-82.0569, 31.2747], [-82.0633, 31.2712], [-82.0765, 31.2755], [-82.1148, 31.2704], [-82.1442, 31.255], [-82.1464, 31.2269], [-82.1623, 31.2169], [-82.1935, 31.2024], [-82.2263, 31.2205], [-82.2686, 31.217], [-82.2846, 31.2244], [-82.315, 31.226], [-82.3225, 31.2382], [-82.3229, 31.2385], [-82.3327, 31.2414], [-82.3579, 31.264], [-82.3672, 31.2853], [-82.3855, 31.2947], [-82.3872, 31.2971], [-82.3895, 31.3649], [-82.4026, 31.365], [-82.4026, 31.4048], [-82.4172, 31.4171]]]}}, {"type": "Feature", "properties": {"county_fips": "13033", "county": "Burke", "population_2025": 24408, "births_2025": 237, "anesthesiologists": 1, "anesthesiologist_assistants": 0, "crnas": 2, "pediatric_anesthesiologists": 0, "total_providers": 3, "physician_anesthesiologists": 1, "providers_per_100k": 12.3, "physicians_per_100k": 4.1, "also_serves_providers": 0, "hospitals": 1, "surgical_hospitals": 1, "cms_ob_hospitals": 0, "critical_access_hospitals": 0, "rural_emergency_hospitals": 0, "dch_ob_county": false, "has_ob_services": false, "no_providers": false, "surgery_but_no_providers": false, "ob_but_no_physician": false}, "geometry": {"type": "Polygon", "coordinates": [[[-82.3165, 32.8358], [-82.2915, 32.8885], [-82.2724, 32.9378], [-82.2912, 33.0628], [-82.2811, 33.1104], [-82.2723, 33.1372], [-82.2326, 33.2312], [-82.2676, 33.2674], [-82.1742, 33.2968], [-82.1651, 33.296], [-82.1337, 33.2759], [-82.1253, 33.2497], [-82.0915, 33.2303], [-82.06, 33.2426], [-82.0451, 33.2364], [-81.9792, 33.2272], [-81.9475, 33.2419], [-81.9346, 33.253], [-81.9013, 33.2613], [-81.8775, 33.2587], [-81.852, 33.2474], [-81.8465, 33.2417], [-81.837, 33.2377], [-81.8317, 33.2335], [-81.8316, 33.2333], [-81.8279, 33.2287], [-81.8196, 33.2266], [-81.8117, 33.2238], [-81.8096, 33.2226], [-81.8081, 33.2194], [-81.8079, 33.2137], [-81.8073, 33.2126], [-81.8052, 33.2114], [-81.7902, 33.2084], [-81.7845, 33.2081], [-81.7789, 33.2098], [-81.7775, 33.2113], [-81.7773, 33.2149], [-81.781, 33.2198], [-81.7801, 33.2211], [-81.7784, 33.2218], [-81.774, 33.2211], [-81.7689, 33.2174], [-81.7676, 33.2157], [-81.7635, 33.2036], [-81.7616, 33.2017], [-81.7582, 33.2002], [-81.7571, 33.1981], [-81.7569, 33.1978], [-81.7606, 33.1892], [-81.7628, 33.1882], [-81.7657, 33.1879], [-81.7724, 33.1812], [-81.7724, 33.1804], [-81.7667, 33.1707], [-81.7644, 33.1655], [-81.7631, 33.1594], [-81.7551, 33.1516], [-81.7438, 33.1414], [-81.7243, 33.1295], [-81.7207, 33.1267], [-81.7171, 33.1241], [-81.7046, 33.1165], [-81.7031, 33.1162], [-81.6998, 33.1168], [-81.6969, 33.1166], [-81.6835, 33.1127], [-81.6584, 33.1032], [-81.6464, 33.0946], [-81.6423, 33.0932], [-81.6372, 33.093], [-81.6322, 33.094], [-81.6178, 33.0953], [-81.6151, 33.095], [-81.6143, 33.0947], [-81.6127, 33.094], [-81.6108, 33.0926], [-81.6095, 33.0899], [-81.6095, 33.0869], [-81.6098, 33.0849], [-81.6101, 33.0829], [-81.6098, 33.0822], [-81.609, 33.0818], [-81.6068, 33.0817], [-81.6036, 33.0846], [-81.6017, 33.0847], [-81.6002, 33.084], [-81.5982, 33.0811], [-81.5983, 33.0792], [-81.5994, 33.0769], [-81.6002, 33.0752], [-81.6001, 33.0735], [-81.5992, 33.0718], [-81.5946, 33.0699], [-81.5926, 33.0699], [-81.5907, 33.0712], [-81.5885, 33.0709], [-81.5838, 33.067], [-81.581, 33.0627], [-81.5783, 33.0589], [-81.5729, 33.0542], [-81.5689, 33.0535], [-81.5668, 33.0538], [-81.5647, 33.0547], [-81.5633, 33.0556], [-81.5625, 33.0556], [-81.5621, 33.0556], [-81.5613, 33.0556], [-81.5605, 33.0552], [-81.5592, 33.0541], [-81.5589, 33.0529], [-81.5592, 33.0518], [-81.5597, 33.0491], [-81.5592, 33.0474], [-81.5583, 33.0462], [-81.557, 33.0451], [-81.5536, 33.0441], [-81.5518, 33.0447], [-81.5468, 33.0471], [-81.5443, 33.0469], [-81.5425, 33.0453], [-81.7676, 32.9094], [-81.7836, 32.9284], [-81.8579, 32.9539], [-81.9564, 32.9237], [-82.037, 32.9191], [-82.0813, 32.9168], [-82.1237, 32.8837], [-82.145, 32.8127], [-82.1576, 32.816], [-82.2137, 32.8039], [-82.2563, 32.824], [-82.3008, 32.8268], [-82.3165, 32.8358]]]}}, {"type": "Feature", "properties": {"county_fips": "13177", "county": "Lee", "population_2025": 34179, "births_2025": 331, "anesthesiologists": 0, "anesthesiologist_assistants": 0, "crnas": 2, "pediatric_anesthesiologists": 0, "total_providers": 2, "physician_anesthesiologists": 0, "providers_per_100k": 5.9, "physicians_per_100k": 0.0, "also_serves_providers": 0, "hospitals": 0, "surgical_hospitals": 0, "cms_ob_hospitals": 0, "critical_access_hospitals": 0, "rural_emergency_hospitals": 0, "dch_ob_county": false, "has_ob_services": false, "no_providers": false, "surgery_but_no_providers": false, "ob_but_no_physician": false}, "geometry": {"type": "Polygon", "coordinates": [[[-84.3381, 31.9162], [-84.2649, 31.916], [-84.2021, 31.915], [-84.0847, 31.914], [-83.9357, 31.9118], [-83.9225, 31.9097], [-83.9341, 31.8814], [-83.9265, 31.8633], [-83.9394, 31.8479], [-83.9673, 31.8345], [-83.9769, 31.8033], [-84.0084, 31.8016], [-83.9916, 31.7838], [-83.9864, 31.7654], [-84.0035, 31.7546], [-84.0183, 31.7252], [-84.0327, 31.7163], [-84.0124, 31.663], [-84.0184, 31.6503], [-84.0289, 31.6484], [-84.0432, 31.6236], [-84.1296, 31.6229], [-84.1438, 31.6229], [-84.1717, 31.6226], [-84.177, 31.6228], [-84.1882, 31.6227], [-84.2303, 31.6225], [-84.2891, 31.622], [-84.2978, 31.622], [-84.2967, 31.6594], [-84.3052, 31.6911], [-84.2954, 31.6981], [-84.2937, 31.7498], [-84.287, 31.7581], [-84.2865, 31.7912], [-84.2583, 31.7912], [-84.2638, 31.8319], [-84.2931, 31.8649], [-84.3382, 31.8736], [-84.3381, 31.9162]]]}}, {"type": "Feature", "properties": {"county_fips": "13079", "county": "Crawford", "population_2025": 12206, "births_2025": 81, "anesthesiologists": 0, "anesthesiologist_assistants": 0, "crnas": 0, "pediatric_anesthesiologists": 0, "total_providers": 0, "physician_anesthesiologists": 0, "providers_per_100k": 0.0, "physicians_per_100k": 0.0, "also_serves_providers": 0, "hospitals": 0, "surgical_hospitals": 0, "cms_ob_hospitals": 0, "critical_access_hospitals": 0, "rural_emergency_hospitals": 0, "dch_ob_county": false, "has_ob_services": false, "no_providers": true, "surgery_but_no_providers": false, "ob_but_no_physician": false}, "geometry": {"type": "Polygon", "coordinates": [[[-84.2026, 32.69], [-84.1493, 32.8012], [-84.1243, 32.8009], [-84.1242, 32.8321], [-84.1243, 32.8496], [-83.9784, 32.8489], [-83.9683, 32.8571], [-83.9684, 32.8489], [-83.8919, 32.8484], [-83.892, 32.8196], [-83.8814, 32.8179], [-83.8651, 32.7997], [-83.8244, 32.7419], [-83.8083, 32.7287], [-83.7769, 32.7188], [-83.7743, 32.7152], [-83.7375, 32.6941], [-83.7297, 32.6972], [-83.7012, 32.6922], [-83.7011, 32.6916], [-83.7382, 32.6922], [-83.7666, 32.6926], [-83.8076, 32.6644], [-83.8372, 32.6441], [-83.871, 32.6211], [-83.9454, 32.5696], [-83.9452, 32.5527], [-83.9547, 32.563], [-83.9733, 32.5505], [-84.0034, 32.5299], [-84.0509, 32.5653], [-84.0713, 32.5983], [-84.0676, 32.6121], [-84.0718, 32.6169], [-84.0568, 32.6365], [-84.0732, 32.6356], [-84.105, 32.6734], [-84.1051, 32.6847], [-84.1276, 32.6745], [-84.1457, 32.6853], [-84.1742, 32.6777], [-84.2026, 32.69]]]}}, {"type": "Feature", "properties": {"county_fips": "13241", "county": "Rabun", "population_2025": 17764, "births_2025": 121, "anesthesiologists": 0, "anesthesiologist_assistants": 0, "crnas": 0, "pediatric_anesthesiologists": 0, "total_providers": 0, "physician_anesthesiologists": 0, "providers_per_100k": 0.0, "physicians_per_100k": 0.0, "also_serves_providers": 0, "hospitals": 1, "surgical_hospitals": 1, "cms_ob_hospitals": 0, "critical_access_hospitals": 1, "rural_emergency_hospitals": 0, "dch_ob_county": false, "has_ob_services": false, "no_providers": true, "surgery_but_no_providers": true, "ob_but_no_physician": false}, "geometry": {"type": "Polygon", "coordinates": [[[-83.6567, 34.8786], [-83.6306, 34.8945], [-83.6266, 34.9101], [-83.6182, 34.9113], [-83.599, 34.9128], [-83.6016, 34.9383], [-83.5469, 34.9465], [-83.5494, 34.9925], [-83.483, 34.9935], [-83.483, 34.9935], [-83.3818, 34.995], [-83.3818, 34.995], [-83.3371, 34.9957], [-83.3228, 34.9959], [-83.2969, 34.9966], [-83.1904, 34.9995], [-83.1086, 35.0007], [-83.1055, 34.9963], [-83.1046, 34.9928], [-83.1045, 34.9893], [-83.107, 34.9827], [-83.11, 34.9806], [-83.112, 34.9759], [-83.1204, 34.9684], [-83.1218, 34.9636], [-83.1211, 34.959], [-83.1244, 34.9552], [-83.127, 34.9538], [-83.1268, 34.9487], [-83.1229, 34.9445], [-83.1212, 34.9427], [-83.1205, 34.9413], [-83.1211, 34.9391], [-83.1226, 34.9381], [-83.1252, 34.937], [-83.1281, 34.9381], [-83.1295, 34.9374], [-83.1304, 34.9352], [-83.1299, 34.9324], [-83.1306, 34.9309], [-83.1406, 34.9249], [-83.1433, 34.9248], [-83.1499, 34.9272], [-83.1533, 34.9263], [-83.1559, 34.9243], [-83.158, 34.9201], [-83.1609, 34.9183], [-83.165, 34.9189], [-83.1685, 34.9179], [-83.1708, 34.9142], [-83.174, 34.9109], [-83.1789, 34.9083], [-83.1809, 34.9047], [-83.1865, 34.8995], [-83.1904, 34.8979], [-83.1948, 34.8978], [-83.1976, 34.895], [-83.2034, 34.8937], [-83.2046, 34.8903], [-83.2012, 34.8847], [-83.2056, 34.8801], [-83.2097, 34.8803], [-83.2133, 34.8828], [-83.2201, 34.8781], [-83.2292, 34.8799], [-83.2324, 34.8781], [-83.2375, 34.8771], [-83.2391, 34.8757], [-83.2386, 34.8729], [-83.2384, 34.8698], [-83.2408, 34.8667], [-83.2456, 34.8655], [-83.247, 34.8631], [-83.2472, 34.8584], [-83.2501, 34.856], [-83.2526, 34.8535], [-83.2538, 34.8481], [-83.2546, 34.8464], [-83.2557, 34.8456], [-83.2581, 34.845], [-83.2599, 34.8456], [-83.2622, 34.8464], [-83.2645, 34.8464], [-83.2677, 34.8453], [-83.27, 34.8372], [-83.2673, 34.8327], [-83.2682, 34.8214], [-83.2712, 34.8184], [-83.2757, 34.8169], [-83.2832, 34.8213], [-83.2848, 34.823], [-83.2899, 34.8245], [-83.2911, 34.8225], [-83.2913, 34.8188], [-83.2943, 34.8147], [-83.2973, 34.8143], [-83.2994, 34.8143], [-83.3014, 34.8142], [-83.3024, 34.8132], [-83.303, 34.8122], [-83.303, 34.8111], [-83.3015, 34.8087], [-83.3012, 34.804], [-83.3036, 34.8024], [-83.3138, 34.7999], [-83.3239, 34.7897], [-83.3238, 34.7896], [-83.3199, 34.7737], [-83.321, 34.7654], [-83.3201, 34.7596], [-83.3387, 34.7423], [-83.3488, 34.7372], [-83.3532, 34.7286], [-83.3525, 34.7161], [-83.3862, 34.7362], [-83.3904, 34.7356], [-83.4037, 34.7289], [-83.4312, 34.7473], [-83.4789, 34.7239], [-83.5035, 34.7343], [-83.5128, 34.7317], [-83.549, 34.7495], [-83.5622, 34.7811], [-83.5566, 34.7851], [-83.5762, 34.7955], [-83.5869, 34.82], [-83.6016, 34.8266], [-83.6131, 34.822], [-83.6522, 34.823], [-83.6591, 34.8303], [-83.6567, 34.8786]]]}}, {"type": "Feature", "properties": {"county_fips": "13253", "county": "Seminole", "population_2025": 9162, "births_2025": 105, "anesthesiologists": 0, "anesthesiologist_assistants": 0, "crnas": 3, "pediatric_anesthesiologists": 0, "total_providers": 3, "physician_anesthesiologists": 0, "providers_per_100k": 32.7, "physicians_per_100k": 0.0, "also_serves_providers": 0, "hospitals": 1, "surgical_hospitals": 1, "cms_ob_hospitals": 1, "critical_access_hospitals": 0, "rural_emergency_hospitals": 0, "dch_ob_county": false, "has_ob_services": false, "no_providers": false, "surgery_but_no_providers": false, "ob_but_no_physician": false}, "geometry": {"type": "Polygon", "coordinates": [[[-85.0236, 31.0755], [-84.9224, 31.0726], [-84.9049, 31.0723], [-84.8461, 31.0711], [-84.7309, 31.0692], [-84.7316, 31.0501], [-84.7529, 31.0412], [-84.7559, 30.8853], [-84.7695, 30.8764], [-84.7689, 30.8371], [-84.7853, 30.8236], [-84.7868, 30.8015], [-84.801, 30.8014], [-84.8139, 30.7814], [-84.8499, 30.7722], [-84.8587, 30.7636], [-84.8596, 30.753], [-84.8755, 30.7275], [-84.8839, 30.7326], [-84.8853, 30.735], [-84.8876, 30.7418], [-84.8962, 30.7506], [-84.8977, 30.7514], [-84.9003, 30.7519], [-84.9032, 30.7518], [-84.9064, 30.7506], [-84.9112, 30.7512], [-84.9136, 30.7523], [-84.9144, 30.7536], [-84.9151, 30.7612], [-84.9202, 30.766], [-84.9181, 30.7721], [-84.9176, 30.7759], [-84.9181, 30.7781], [-84.9269, 30.7902], [-84.9284, 30.7931], [-84.9289, 30.7958], [-84.9292, 30.7973], [-84.928, 30.8028], [-84.9285, 30.8051], [-84.9311, 30.8105], [-84.9355, 30.8172], [-84.9362, 30.8207], [-84.9357, 30.8246], [-84.9354, 30.8309], [-84.9343, 30.834], [-84.9321, 30.8375], [-84.9296, 30.8403], [-84.9285, 30.8425], [-84.9285, 30.8443], [-84.9289, 30.8468], [-84.9302, 30.8488], [-84.9334, 30.8515], [-84.9354, 30.8543], [-84.9355, 30.8584], [-84.9348, 30.8606], [-84.9341, 30.8633], [-84.9348, 30.8655], [-84.9359, 30.8675], [-84.9379, 30.8705], [-84.9385, 30.873], [-84.9377, 30.8759], [-84.9357, 30.8787], [-84.9355, 30.8825], [-84.937, 30.8847], [-84.9382, 30.8856], [-84.9401, 30.8867], [-84.9415, 30.8877], [-84.9427, 30.8885], [-84.9498, 30.8974], [-84.9525, 30.9023], [-84.9563, 30.9076], [-84.9669, 30.9173], [-84.9696, 30.922], [-84.9712, 30.9282], [-84.9754, 30.9308], [-84.9808, 30.9327], [-84.9833, 30.9348], [-84.9838, 30.937], [-84.9832, 30.9426], [-84.9824, 30.9469], [-84.9798, 30.9547], [-84.9798, 30.959], [-84.9803, 30.9613], [-84.9827, 30.9656], [-84.985, 30.9675], [-84.9882, 30.9688], [-84.9978, 30.9712], [-85.0, 30.9715], [-85.0001, 30.9712], [-85.0042, 30.9735], [-85.0052, 30.9747], [-85.0061, 30.977], [-85.0061, 30.9773], [-85.0061, 30.9798], [-85.0027, 30.9869], [-85.0018, 30.9971], [-85.0019, 31.0007], [-85.0025, 31.0007], [-85.0015, 31.005], [-85.0114, 31.0535], [-85.0236, 31.0755]]]}}, {"type": "Feature", "properties": {"county_fips": "13187", "county": "Lumpkin", "population_2025": 36178, "births_2025": 300, "anesthesiologists": 2, "anesthesiologist_assistants": 0, "crnas": 2, "pediatric_anesthesiologists": 0, "total_providers": 4, "physician_anesthesiologists": 2, "providers_per_100k": 11.1, "physicians_per_100k": 5.5, "also_serves_providers": 0, "hospitals": 2, "surgical_hospitals": 1, "cms_ob_hospitals": 1, "critical_access_hospitals": 0, "rural_emergency_hospitals": 0, "dch_ob_county": false, "has_ob_services": false, "no_providers": false, "surgery_but_no_providers": false, "ob_but_no_physician": false}, "geometry": {"type": "Polygon", "coordinates": [[[-84.1886, 34.6027], [-84.158, 34.6482], [-84.1249, 34.6644], [-84.0987, 34.6532], [-84.0708, 34.6564], [-84.0365, 34.6419], [-84.0385, 34.6517], [-84.0343, 34.6526], [-84.0328, 34.652], [-84.0241, 34.6708], [-83.9947, 34.6782], [-83.9826, 34.7159], [-83.939, 34.7409], [-83.936, 34.7383], [-83.8565, 34.7222], [-83.8636, 34.6886], [-83.8747, 34.6732], [-83.8709, 34.6686], [-83.8761, 34.6208], [-83.8645, 34.6156], [-83.8644, 34.6109], [-83.8668, 34.6028], [-83.8644, 34.5605], [-83.8438, 34.5324], [-83.8328, 34.5323], [-83.8434, 34.5055], [-83.8433, 34.497], [-83.8777, 34.4756], [-83.8876, 34.4599], [-83.8989, 34.4599], [-83.9319, 34.4693], [-83.9207, 34.4511], [-83.9351, 34.449], [-83.9564, 34.4373], [-83.9751, 34.4327], [-83.9709, 34.4228], [-83.9806, 34.4184], [-84.0115, 34.4297], [-84.0506, 34.4446], [-84.0905, 34.4601], [-84.1011, 34.4713], [-84.1154, 34.4733], [-84.144, 34.4989], [-84.1839, 34.5336], [-84.191, 34.5392], [-84.1886, 34.6027]]]}}, {"type": "Feature", "properties": {"county_fips": "13295", "county": "Walker", "population_2025": 70250, "births_2025": 577, "anesthesiologists": 1, "anesthesiologist_assistants": 0, "crnas": 2, "pediatric_anesthesiologists": 0, "total_providers": 3, "physician_anesthesiologists": 1, "providers_per_100k": 4.3, "physicians_per_100k": 1.4, "also_serves_providers": 0, "hospitals": 0, "surgical_hospitals": 0, "cms_ob_hospitals": 0, "critical_access_hospitals": 0, "rural_emergency_hospitals": 0, "dch_ob_county": false, "has_ob_services": false, "no_providers": false, "surgery_but_no_providers": false, "ob_but_no_physician": false}, "geometry": {"type": "Polygon", "coordinates": [[[-85.5341, 34.6239], [-85.4908, 34.6694], [-85.4905, 34.6991], [-85.462, 34.7318], [-85.4504, 34.7592], [-85.4506, 34.7969], [-85.4506, 34.8317], [-85.4337, 34.8751], [-85.3754, 34.9586], [-85.3639, 34.9834], [-85.3454, 34.9837], [-85.3425, 34.9838], [-85.3274, 34.984], [-85.3083, 34.9844], [-85.3055, 34.9845], [-85.3055, 34.9845], [-85.3015, 34.9845], [-85.2946, 34.9846], [-85.2945, 34.9847], [-85.2869, 34.9848], [-85.2776, 34.985], [-85.2759, 34.985], [-85.273, 34.985], [-85.2651, 34.9851], [-85.2649, 34.9616], [-85.2649, 34.9567], [-85.2643, 34.8856], [-85.2644, 34.8811], [-85.2648, 34.8747], [-85.2646, 34.8612], [-85.2579, 34.8542], [-85.2022, 34.8545], [-85.2018, 34.8209], [-85.2019, 34.7751], [-85.1818, 34.7752], [-85.1598, 34.7752], [-85.1448, 34.7676], [-85.1672, 34.7278], [-85.1684, 34.7202], [-85.0643, 34.72], [-85.0508, 34.72], [-85.0504, 34.6225], [-85.0552, 34.6224], [-85.0605, 34.5872], [-85.0692, 34.5872], [-85.1077, 34.5875], [-85.1249, 34.5881], [-85.2414, 34.5889], [-85.2428, 34.5889], [-85.2815, 34.589], [-85.2978, 34.589], [-85.3495, 34.5892], [-85.3521, 34.5825], [-85.3717, 34.5896], [-85.4101, 34.5892], [-85.5273, 34.5887], [-85.5341, 34.6239]]]}}, {"type": "Feature", "properties": {"county_fips": "13219", "county": "Oconee", "population_2025": 44893, "births_2025": 322, "anesthesiologists": 0, "anesthesiologist_assistants": 1, "crnas": 2, "pediatric_anesthesiologists": 0, "total_providers": 3, "physician_anesthesiologists": 0, "providers_per_100k": 6.7, "physicians_per_100k": 0.0, "also_serves_providers": 0, "hospitals": 0, "surgical_hospitals": 0, "cms_ob_hospitals": 0, "critical_access_hospitals": 0, "rural_emergency_hospitals": 0, "dch_ob_county": false, "has_ob_services": false, "no_providers": false, "surgery_but_no_providers": false, "ob_but_no_physician": false}, "geometry": {"type": "Polygon", "coordinates": [[[-83.647, 33.9062], [-83.613, 33.9249], [-83.5755, 33.9454], [-83.5667, 33.9501], [-83.5374, 33.9659], [-83.5083, 33.9312], [-83.469, 33.9311], [-83.461, 33.9266], [-83.447, 33.9255], [-83.4401, 33.923], [-83.4219, 33.9271], [-83.4079, 33.9163], [-83.3828, 33.8986], [-83.3777, 33.8908], [-83.357, 33.8746], [-83.3496, 33.8776], [-83.3245, 33.8654], [-83.3267, 33.8556], [-83.313, 33.8557], [-83.2759, 33.848], [-83.3066, 33.8114], [-83.2809, 33.7834], [-83.2803, 33.7618], [-83.2974, 33.7391], [-83.2914, 33.7343], [-83.4062, 33.6983], [-83.4093, 33.7019], [-83.445, 33.7224], [-83.4619, 33.7741], [-83.4808, 33.8027], [-83.4922, 33.8052], [-83.5059, 33.8178], [-83.5332, 33.8209], [-83.5583, 33.8407], [-83.5873, 33.8676], [-83.5836, 33.8836], [-83.6128, 33.8819], [-83.6306, 33.8869], [-83.639, 33.9084], [-83.647, 33.9062]]]}}, {"type": "Feature", "properties": {"county_fips": "13067", "county": "Cobb", "population_2025": 793345, "births_2025": 8750, "anesthesiologists": 108, "anesthesiologist_assistants": 138, "crnas": 103, "pediatric_anesthesiologists": 1, "total_providers": 350, "physician_anesthesiologists": 109, "providers_per_100k": 44.1, "physicians_per_100k": 13.7, "also_serves_providers": 56, "hospitals": 2, "surgical_hospitals": 2, "cms_ob_hospitals": 2, "critical_access_hospitals": 0, "rural_emergency_hospitals": 0, "dch_ob_county": true, "has_ob_services": true, "no_providers": false, "surgery_but_no_providers": false, "ob_but_no_physician": false}, "geometry": {"type": "Polygon", "coordinates": [[[-84.7394, 33.9778], [-84.739, 34.0028], [-84.7389, 34.03], [-84.7388, 34.0347], [-84.7385, 34.0574], [-84.7378, 34.0793], [-84.7294, 34.0791], [-84.6929, 34.0787], [-84.6905, 34.0786], [-84.6764, 34.0785], [-84.6592, 34.0782], [-84.6535, 34.0781], [-84.6243, 34.0776], [-84.6234, 34.0818], [-84.6154, 34.0775], [-84.5996, 34.077], [-84.5885, 34.0767], [-84.5718, 34.0766], [-84.5389, 34.0757], [-84.522, 34.0754], [-84.5159, 34.0792], [-84.4848, 34.0748], [-84.4605, 34.0742], [-84.4189, 34.0735], [-84.4189, 34.0703], [-84.419, 34.0614], [-84.4191, 34.0552], [-84.4022, 34.0352], [-84.4012, 34.0259], [-84.4, 34.0148], [-84.4008, 34.0087], [-84.3943, 34.0028], [-84.3942, 34.0027], [-84.3865, 33.9926], [-84.3833, 33.9928], [-84.375, 33.9873], [-84.3776, 33.9736], [-84.3838, 33.9667], [-84.3834, 33.9633], [-84.3955, 33.9529], [-84.4011, 33.9478], [-84.4051, 33.9437], [-84.4172, 33.9325], [-84.4301, 33.9251], [-84.4364, 33.923], [-84.4467, 33.9122], [-84.4428, 33.9015], [-84.4412, 33.8907], [-84.4437, 33.8785], [-84.4476, 33.8752], [-84.454, 33.8677], [-84.4601, 33.8529], [-84.4605, 33.8421], [-84.4556, 33.8268], [-84.4562, 33.8259], [-84.458, 33.8246], [-84.4633, 33.8272], [-84.4697, 33.8271], [-84.4804, 33.8175], [-84.4892, 33.8132], [-84.4953, 33.8087], [-84.5079, 33.7955], [-84.5314, 33.782], [-84.5337, 33.7792], [-84.5396, 33.7698], [-84.557, 33.7595], [-84.5736, 33.7455], [-84.5779, 33.7437], [-84.5811, 33.7499], [-84.6017, 33.7766], [-84.6019, 33.7768], [-84.6067, 33.7829], [-84.6163, 33.7949], [-84.62, 33.8007], [-84.6205, 33.8014], [-84.6216, 33.8025], [-84.6245, 33.8051], [-84.6527, 33.8054], [-84.6714, 33.8057], [-84.6971, 33.806], [-84.7241, 33.8064], [-84.725, 33.8201], [-84.7249, 33.8275], [-84.7244, 33.8815], [-84.7244, 33.8817], [-84.7241, 33.9036], [-84.7234, 33.9171], [-84.7234, 33.9348], [-84.7234, 33.9349], [-84.7284, 33.9477], [-84.7396, 33.9478], [-84.7394, 33.9778]]]}}, {"type": "Feature", "properties": {"county_fips": "13057", "county": "Cherokee", "population_2025": 299273, "births_2025": 3112, "anesthesiologists": 4, "anesthesiologist_assistants": 3, "crnas": 18, "pediatric_anesthesiologists": 0, "total_providers": 25, "physician_anesthesiologists": 4, "providers_per_100k": 8.4, "physicians_per_100k": 1.3, "also_serves_providers": 4, "hospitals": 1, "surgical_hospitals": 1, "cms_ob_hospitals": 1, "critical_access_hospitals": 0, "rural_emergency_hospitals": 0, "dch_ob_county": true, "has_ob_services": true, "no_providers": false, "surgery_but_no_providers": false, "ob_but_no_physician": false}, "geometry": {"type": "Polygon", "coordinates": [[[-84.6579, 34.1425], [-84.6577, 34.2027], [-84.6559, 34.2139], [-84.6537, 34.2275], [-84.654, 34.3469], [-84.6461, 34.3468], [-84.6443, 34.3552], [-84.654, 34.3552], [-84.6532, 34.4126], [-84.5828, 34.4122], [-84.5827, 34.3858], [-84.5817, 34.3815], [-84.4757, 34.3806], [-84.4423, 34.3804], [-84.412, 34.3806], [-84.4007, 34.3805], [-84.3924, 34.3733], [-84.3908, 34.3807], [-84.3475, 34.3808], [-84.2576, 34.381], [-84.2581, 34.3352], [-84.2585, 34.2993], [-84.2585, 34.295], [-84.2586, 34.2881], [-84.2587, 34.2371], [-84.2589, 34.2074], [-84.259, 34.1859], [-84.2728, 34.1861], [-84.2997, 34.1862], [-84.3285, 34.186], [-84.3371, 34.179], [-84.3523, 34.1767], [-84.3613, 34.137], [-84.3627, 34.1235], [-84.3793, 34.1188], [-84.3883, 34.1182], [-84.3995, 34.1097], [-84.4184, 34.109], [-84.4186, 34.0966], [-84.4185, 34.0943], [-84.4189, 34.0735], [-84.4605, 34.0742], [-84.4848, 34.0748], [-84.5159, 34.0792], [-84.522, 34.0754], [-84.5389, 34.0757], [-84.5718, 34.0766], [-84.5885, 34.0767], [-84.5996, 34.077], [-84.6154, 34.0775], [-84.6234, 34.0818], [-84.6243, 34.0776], [-84.6535, 34.0781], [-84.6592, 34.0782], [-84.6579, 34.1425]]]}}, {"type": "Feature", "properties": {"county_fips": "13175", "county": "Laurens", "population_2025": 51041, "births_2025": 645, "anesthesiologists": 2, "anesthesiologist_assistants": 0, "crnas": 17, "pediatric_anesthesiologists": 0, "total_providers": 19, "physician_anesthesiologists": 2, "providers_per_100k": 37.2, "physicians_per_100k": 3.9, "also_serves_providers": 2, "hospitals": 1, "surgical_hospitals": 1, "cms_ob_hospitals": 1, "critical_access_hospitals": 0, "rural_emergency_hospitals": 0, "dch_ob_county": true, "has_ob_services": true, "no_providers": false, "surgery_but_no_providers": false, "ob_but_no_physician": false}, "geometry": {"type": "Polygon", "coordinates": [[[-83.156, 32.6186], [-82.9571, 32.7083], [-82.8628, 32.7158], [-82.7858, 32.6867], [-82.7945, 32.6602], [-82.6868, 32.6191], [-82.6686, 32.6122], [-82.6726, 32.5513], [-82.6745, 32.5239], [-82.6477, 32.5125], [-82.6571, 32.5072], [-82.6331, 32.491], [-82.6486, 32.4672], [-82.694, 32.4541], [-82.7022, 32.4316], [-82.6972, 32.4175], [-82.6992, 32.4159], [-82.7001, 32.4142], [-82.6991, 32.413], [-82.6995, 32.4112], [-82.6974, 32.4087], [-82.6976, 32.4072], [-82.6994, 32.4062], [-82.7011, 32.4041], [-82.7009, 32.4021], [-82.7022, 32.3988], [-82.7029, 32.3979], [-82.7055, 32.3966], [-82.7069, 32.3939], [-82.7102, 32.3922], [-82.7128, 32.3914], [-82.7153, 32.3931], [-82.7162, 32.3926], [-82.7163, 32.3894], [-82.7152, 32.3868], [-82.7159, 32.3847], [-82.7167, 32.3842], [-82.7168, 32.3822], [-82.7179, 32.381], [-82.7189, 32.3784], [-82.7204, 32.3766], [-82.7203, 32.3759], [-82.7172, 32.3734], [-82.7177, 32.3719], [-82.7215, 32.3704], [-82.7229, 32.3704], [-82.7225, 32.3684], [-82.7234, 32.3658], [-82.7226, 32.3641], [-82.7244, 32.3636], [-82.7487, 32.3291], [-82.722, 32.3093], [-82.762, 32.2756], [-82.7619, 32.2642], [-82.7687, 32.2697], [-82.8583, 32.1944], [-82.8848, 32.1961], [-82.887, 32.198], [-82.991, 32.1473], [-83.0164, 32.1948], [-83.0745, 32.3032], [-83.1114, 32.3721], [-83.139, 32.4231], [-83.1541, 32.451], [-83.2265, 32.5842], [-83.156, 32.6186]]]}}, {"type": "Feature", "properties": {"county_fips": "13197", "county": "Marion", "population_2025": 7676, "births_2025": 79, "anesthesiologists": 0, "anesthesiologist_assistants": 0, "crnas": 1, "pediatric_anesthesiologists": 0, "total_providers": 1, "physician_anesthesiologists": 0, "providers_per_100k": 13.0, "physicians_per_100k": 0.0, "also_serves_providers": 0, "hospitals": 0, "surgical_hospitals": 0, "cms_ob_hospitals": 0, "critical_access_hospitals": 0, "rural_emergency_hospitals": 0, "dch_ob_county": false, "has_ob_services": false, "no_providers": false, "surgery_but_no_providers": false, "ob_but_no_physician": false}, "geometry": {"type": "Polygon", "coordinates": [[[-84.6582, 32.3098], [-84.6582, 32.3728], [-84.6573, 32.4949], [-84.6382, 32.4948], [-84.6373, 32.5349], [-84.6215, 32.5298], [-84.6049, 32.535], [-84.5849, 32.5229], [-84.5614, 32.5281], [-84.566, 32.5401], [-84.5538, 32.5487], [-84.551, 32.5427], [-84.5048, 32.5418], [-84.4918, 32.5483], [-84.4921, 32.562], [-84.4444, 32.5621], [-84.4532, 32.5343], [-84.4335, 32.5187], [-84.4336, 32.4932], [-84.4078, 32.4853], [-84.4086, 32.4439], [-84.3921, 32.4353], [-84.3923, 32.414], [-84.39, 32.3134], [-84.3899, 32.2972], [-84.4133, 32.2975], [-84.4102, 32.2582], [-84.4104, 32.2319], [-84.4295, 32.2322], [-84.4201, 32.1917], [-84.4302, 32.1663], [-84.4312, 32.1341], [-84.5271, 32.1346], [-84.5274, 32.1512], [-84.5461, 32.1591], [-84.5457, 32.1752], [-84.5647, 32.1751], [-84.5642, 32.1922], [-84.5997, 32.1924], [-84.6007, 32.2102], [-84.6206, 32.2331], [-84.6493, 32.233], [-84.6589, 32.2329], [-84.6582, 32.3098]]]}}, {"type": "Feature", "properties": {"county_fips": "13141", "county": "Hancock", "population_2025": 8682, "births_2025": 46, "anesthesiologists": 0, "anesthesiologist_assistants": 0, "crnas": 0, "pediatric_anesthesiologists": 0, "total_providers": 0, "physician_anesthesiologists": 0, "providers_per_100k": 0.0, "physicians_per_100k": 0.0, "also_serves_providers": 0, "hospitals": 0, "surgical_hospitals": 0, "cms_ob_hospitals": 0, "critical_access_hospitals": 0, "rural_emergency_hospitals": 0, "dch_ob_county": false, "has_ob_services": false, "no_providers": true, "surgery_but_no_providers": false, "ob_but_no_physician": false}, "geometry": {"type": "Polygon", "coordinates": [[[-83.274, 33.1999], [-83.2629, 33.208], [-83.2535, 33.2593], [-83.2287, 33.2568], [-83.23, 33.2761], [-83.1784, 33.292], [-83.1458, 33.3115], [-83.1505, 33.3216], [-83.1435, 33.3347], [-83.1448, 33.3408], [-83.1642, 33.355], [-83.0129, 33.4692], [-82.9837, 33.4477], [-82.9512, 33.4518], [-82.9397, 33.4427], [-82.9018, 33.4388], [-82.8726, 33.4464], [-82.852, 33.4435], [-82.8397, 33.4309], [-82.8241, 33.4276], [-82.8258, 33.3904], [-82.8217, 33.3743], [-82.8029, 33.365], [-82.7925, 33.3094], [-82.7816, 33.3045], [-82.7856, 33.2687], [-82.7558, 33.2534], [-82.7462, 33.2461], [-82.7483, 33.2383], [-82.778, 33.2384], [-82.7989, 33.2217], [-82.8259, 33.2105], [-82.832, 33.202], [-82.855, 33.1964], [-82.8677, 33.1784], [-82.8889, 33.1386], [-82.901, 33.1285], [-82.9145, 33.1268], [-82.9267, 33.1163], [-82.9593, 33.107], [-82.9701, 33.1093], [-83.0097, 33.0806], [-83.0522, 33.0807], [-83.1013, 33.0502], [-83.1176, 33.0889], [-83.1099, 33.1285], [-83.095, 33.1444], [-83.0975, 33.1512], [-83.1954, 33.1763], [-83.2605, 33.1885], [-83.2741, 33.1872], [-83.274, 33.1999]]]}}, {"type": "Feature", "properties": {"county_fips": "13043", "county": "Candler", "population_2025": 11275, "births_2025": 125, "anesthesiologists": 0, "anesthesiologist_assistants": 0, "crnas": 0, "pediatric_anesthesiologists": 0, "total_providers": 0, "physician_anesthesiologists": 0, "providers_per_100k": 0.0, "physicians_per_100k": 0.0, "also_serves_providers": 0, "hospitals": 1, "surgical_hospitals": 1, "cms_ob_hospitals": 0, "critical_access_hospitals": 1, "rural_emergency_hospitals": 0, "dch_ob_county": false, "has_ob_services": false, "no_providers": true, "surgery_but_no_providers": true, "ob_but_no_physician": false}, "geometry": {"type": "Polygon", "coordinates": [[[-82.2545, 32.3515], [-82.1879, 32.4336], [-82.1836, 32.4592], [-82.1811, 32.4741], [-82.1483, 32.5204], [-82.0798, 32.5601], [-82.0302, 32.5388], [-81.971, 32.5132], [-81.9746, 32.4878], [-81.9741, 32.47], [-81.9561, 32.4495], [-81.9349, 32.4214], [-81.9187, 32.4154], [-81.9569, 32.2862], [-81.9691, 32.2688], [-81.9696, 32.2693], [-81.9998, 32.2762], [-82.0253, 32.2789], [-82.2328, 32.3188], [-82.242, 32.3472], [-82.2545, 32.3515]]]}}, {"type": "Feature", "properties": {"county_fips": "13047", "county": "Catoosa", "population_2025": 69628, "births_2025": 515, "anesthesiologists": 1, "anesthesiologist_assistants": 0, "crnas": 0, "pediatric_anesthesiologists": 0, "total_providers": 1, "physician_anesthesiologists": 1, "providers_per_100k": 1.4, "physicians_per_100k": 1.4, "also_serves_providers": 0, "hospitals": 1, "surgical_hospitals": 0, "cms_ob_hospitals": 0, "critical_access_hospitals": 0, "rural_emergency_hospitals": 0, "dch_ob_county": false, "has_ob_services": false, "no_providers": false, "surgery_but_no_providers": false, "ob_but_no_physician": false}, "geometry": {"type": "Polygon", "coordinates": [[[-85.2651, 34.9851], [-85.255, 34.9852], [-85.2422, 34.9854], [-85.2356, 34.9855], [-85.2304, 34.9855], [-85.2304, 34.9855], [-85.2219, 34.9855], [-85.2206, 34.9856], [-85.2179, 34.9857], [-85.2166, 34.9857], [-85.2165, 34.9857], [-85.2014, 34.9858], [-85.1957, 34.9859], [-85.1859, 34.986], [-85.1806, 34.9861], [-85.1752, 34.9861], [-85.1439, 34.9863], [-85.1267, 34.9864], [-85.0961, 34.9866], [-85.0836, 34.9867], [-85.0648, 34.9868], [-85.0452, 34.9869], [-85.0451, 34.9869], [-84.9799, 34.9876], [-84.9797, 34.9728], [-84.9974, 34.9724], [-84.9979, 34.9402], [-85.0234, 34.9008], [-85.0234, 34.8756], [-85.0328, 34.8655], [-85.0616, 34.8636], [-85.0616, 34.8339], [-85.0616, 34.8195], [-85.1317, 34.8197], [-85.1319, 34.8145], [-85.1448, 34.7676], [-85.1598, 34.7752], [-85.1818, 34.7752], [-85.2019, 34.7751], [-85.2018, 34.8209], [-85.2022, 34.8545], [-85.2579, 34.8542], [-85.2646, 34.8612], [-85.2648, 34.8747], [-85.2644, 34.8811], [-85.2643, 34.8856], [-85.2649, 34.9567], [-85.2649, 34.9616], [-85.2651, 34.9851]]]}}, {"type": "Feature", "properties": {"county_fips": "13215", "county": "Muscogee", "population_2025": 202171, "births_2025": 2583, "anesthesiologists": 23, "anesthesiologist_assistants": 16, "crnas": 70, "pediatric_anesthesiologists": 0, "total_providers": 109, "physician_anesthesiologists": 23, "providers_per_100k": 53.9, "physicians_per_100k": 11.4, "also_serves_providers": 5, "hospitals": 3, "surgical_hospitals": 3, "cms_ob_hospitals": 1, "critical_access_hospitals": 0, "rural_emergency_hospitals": 0, "dch_ob_county": true, "has_ob_services": true, "no_providers": false, "surgery_but_no_providers": false, "ob_but_no_physician": false}, "geometry": {"type": "Polygon", "coordinates": [[[-85.0797, 32.6081], [-85.0262, 32.608], [-84.9818, 32.6077], [-84.9783, 32.6076], [-84.951, 32.6076], [-84.9369, 32.6077], [-84.9077, 32.6076], [-84.9027, 32.5834], [-84.828, 32.5834], [-84.8204, 32.5834], [-84.6946, 32.5839], [-84.6947, 32.5637], [-84.6675, 32.5639], [-84.6795, 32.5358], [-84.68, 32.5315], [-84.6945, 32.5187], [-84.7243, 32.5078], [-84.7684, 32.4206], [-84.7786, 32.425], [-84.793, 32.4138], [-84.806, 32.4196], [-84.819, 32.4128], [-84.8554, 32.4145], [-84.8818, 32.4107], [-84.9293, 32.3836], [-84.9295, 32.3835], [-84.9327, 32.3806], [-84.957, 32.3739], [-84.9578, 32.3741], [-84.9629, 32.3741], [-84.9811, 32.3819], [-84.98, 32.3844], [-84.9771, 32.3908], [-84.9752, 32.4149], [-84.9634, 32.4225], [-84.9685, 32.4347], [-84.9718, 32.4428], [-84.9802, 32.4466], [-84.9949, 32.4531], [-84.9953, 32.4532], [-84.9953, 32.4619], [-84.9953, 32.465], [-84.9952, 32.4726], [-84.9952, 32.4752], [-84.9958, 32.4774], [-84.9986, 32.4891], [-85.0009, 32.4984], [-85.0028, 32.5064], [-85.0037, 32.5101], [-85.0052, 32.5162], [-85.0071, 32.5239], [-85.0225, 32.5429], [-85.0345, 32.5527], [-85.0677, 32.58], [-85.0797, 32.6081]]]}}, {"type": "Feature", "properties": {"county_fips": "13073", "county": "Columbia", "population_2025": 169189, "births_2025": 1664, "anesthesiologists": 11, "anesthesiologist_assistants": 2, "crnas": 31, "pediatric_anesthesiologists": 0, "total_providers": 44, "physician_anesthesiologists": 11, "providers_per_100k": 26.0, "physicians_per_100k": 6.5, "also_serves_providers": 2, "hospitals": 0, "surgical_hospitals": 0, "cms_ob_hospitals": 0, "critical_access_hospitals": 0, "rural_emergency_hospitals": 0, "dch_ob_county": false, "has_ob_services": false, "no_providers": false, "surgery_but_no_providers": false, "ob_but_no_physician": false}, "geometry": {"type": "Polygon", "coordinates": [[[-82.4428, 33.6316], [-82.4253, 33.6506], [-82.4135, 33.6546], [-82.4129, 33.665], [-82.4003, 33.6712], [-82.3727, 33.6754], [-82.3515, 33.6829], [-82.329, 33.6977], [-82.3082, 33.7004], [-82.2761, 33.6845], [-82.2407, 33.6933], [-82.2186, 33.6863], [-82.2169, 33.6844], [-82.212, 33.6773], [-82.2097, 33.6718], [-82.2084, 33.6699], [-82.2007, 33.6646], [-82.1998, 33.6618], [-82.1997, 33.6576], [-82.2012, 33.6469], [-82.1966, 33.6306], [-82.1862, 33.6209], [-82.1799, 33.6159], [-82.1744, 33.6131], [-82.1641, 33.6111], [-82.1619, 33.6106], [-82.1583, 33.6097], [-82.1563, 33.6086], [-82.1534, 33.6063], [-82.1511, 33.601], [-82.1488, 33.5981], [-82.1429, 33.5943], [-82.1335, 33.5905], [-82.1291, 33.5899], [-82.1259, 33.5907], [-82.1232, 33.5927], [-82.1204, 33.5949], [-82.1165, 33.5965], [-82.1153, 33.5965], [-82.1094, 33.5966], [-82.1062, 33.5956], [-82.0988, 33.5864], [-82.0964, 33.5841], [-82.0941, 33.5827], [-82.0875, 33.5806], [-82.0761, 33.5781], [-82.0731, 33.5775], [-82.069, 33.5754], [-82.0577, 33.5668], [-82.0549, 33.5654], [-82.049, 33.5649], [-82.0463, 33.5638], [-82.0374, 33.5547], [-82.0365, 33.5527], [-82.0349, 33.5492], [-82.033, 33.5465], [-82.0282, 33.5449], [-82.063, 33.5207], [-82.0707, 33.5161], [-82.0884, 33.503], [-82.0987, 33.4955], [-82.1085, 33.4885], [-82.11, 33.4875], [-82.1287, 33.4739], [-82.1799, 33.4387], [-82.1891, 33.4312], [-82.2212, 33.4077], [-82.2942, 33.3546], [-82.3096, 33.3656], [-82.3197, 33.3795], [-82.3406, 33.4066], [-82.3349, 33.4181], [-82.3848, 33.4673], [-82.3993, 33.4968], [-82.4005, 33.5064], [-82.3849, 33.5299], [-82.4372, 33.5521], [-82.4328, 33.5689], [-82.4132, 33.5921], [-82.433, 33.6081], [-82.4428, 33.6316]]]}}, {"type": "Feature", "properties": {"county_fips": "13205", "county": "Mitchell", "population_2025": 20467, "births_2025": 228, "anesthesiologists": 0, "anesthesiologist_assistants": 0, "crnas": 1, "pediatric_anesthesiologists": 0, "total_providers": 1, "physician_anesthesiologists": 0, "providers_per_100k": 4.9, "physicians_per_100k": 0.0, "also_serves_providers": 1, "hospitals": 1, "surgical_hospitals": 0, "cms_ob_hospitals": 0, "critical_access_hospitals": 1, "rural_emergency_hospitals": 0, "dch_ob_county": false, "has_ob_services": false, "no_providers": false, "surgery_but_no_providers": false, "ob_but_no_physician": false}, "geometry": {"type": "Polygon", "coordinates": [[[-84.5068, 31.1233], [-84.4788, 31.1486], [-84.4683, 31.1691], [-84.4202, 31.1976], [-84.4122, 31.1901], [-84.409, 31.2101], [-84.394, 31.2297], [-84.3666, 31.2398], [-84.3597, 31.259], [-84.3355, 31.2915], [-84.3382, 31.3068], [-84.3163, 31.3117], [-84.3131, 31.3223], [-84.2343, 31.3404], [-84.2263, 31.3515], [-84.201, 31.3556], [-84.1946, 31.3926], [-84.1759, 31.398], [-84.1771, 31.4106], [-84.1533, 31.4137], [-84.1411, 31.4402], [-84.1378, 31.4427], [-84.0621, 31.4431], [-83.9978, 31.4438], [-83.9994, 31.3369], [-83.9994, 31.335], [-84.0009, 31.2604], [-84.003, 31.1119], [-84.0139, 31.1024], [-84.0032, 31.1023], [-84.0036, 31.0773], [-84.0087, 31.0772], [-84.1166, 31.078], [-84.1278, 31.078], [-84.1596, 31.0784], [-84.3766, 31.0789], [-84.5081, 31.0784], [-84.5068, 31.1233]]]}}, {"type": "Feature", "properties": {"county_fips": "13237", "county": "Putnam", "population_2025": 23722, "births_2025": 215, "anesthesiologists": 0, "anesthesiologist_assistants": 0, "crnas": 0, "pediatric_anesthesiologists": 0, "total_providers": 0, "physician_anesthesiologists": 0, "providers_per_100k": 0.0, "physicians_per_100k": 0.0, "also_serves_providers": 0, "hospitals": 1, "surgical_hospitals": 1, "cms_ob_hospitals": 0, "critical_access_hospitals": 1, "rural_emergency_hospitals": 0, "dch_ob_county": false, "has_ob_services": false, "no_providers": true, "surgery_but_no_providers": true, "ob_but_no_physician": false}, "geometry": {"type": "Polygon", "coordinates": [[[-83.5416, 33.2878], [-83.5399, 33.3122], [-83.5393, 33.3533], [-83.5337, 33.4345], [-83.3908, 33.4634], [-83.2991, 33.48], [-83.2799, 33.4834], [-83.2749, 33.4641], [-83.257, 33.4553], [-83.2617, 33.4432], [-83.2397, 33.4184], [-83.2442, 33.3992], [-83.2127, 33.4004], [-83.2241, 33.3799], [-83.1979, 33.3953], [-83.1781, 33.3803], [-83.17, 33.3707], [-83.1642, 33.355], [-83.1448, 33.3408], [-83.1435, 33.3347], [-83.1505, 33.3216], [-83.1458, 33.3115], [-83.1784, 33.292], [-83.23, 33.2761], [-83.2287, 33.2568], [-83.2535, 33.2593], [-83.2629, 33.208], [-83.274, 33.1999], [-83.2741, 33.1872], [-83.293, 33.1899], [-83.3189, 33.1831], [-83.3306, 33.1675], [-83.341, 33.1723], [-83.3631, 33.1802], [-83.3638, 33.1691], [-83.3915, 33.1835], [-83.41, 33.1814], [-83.4178, 33.1774], [-83.4291, 33.1854], [-83.4328, 33.1833], [-83.5459, 33.1719], [-83.5416, 33.2878]]]}}, {"type": "Feature", "properties": {"county_fips": "13089", "county": "DeKalb", "population_2025": 774394, "births_2025": 9600, "anesthesiologists": 210, "anesthesiologist_assistants": 197, "crnas": 94, "pediatric_anesthesiologists": 13, "total_providers": 514, "physician_anesthesiologists": 223, "providers_per_100k": 66.4, "physicians_per_100k": 28.8, "also_serves_providers": 41, "hospitals": 3, "surgical_hospitals": 3, "cms_ob_hospitals": 2, "critical_access_hospitals": 0, "rural_emergency_hospitals": 0, "dch_ob_county": true, "has_ob_services": true, "no_providers": false, "surgery_but_no_providers": false, "ob_but_no_physician": false}, "geometry": {"type": "Polygon", "coordinates": [[[-84.3497, 33.6803], [-84.3495, 33.7093], [-84.3495, 33.7176], [-84.3494, 33.7222], [-84.3494, 33.724], [-84.3492, 33.7476], [-84.3492, 33.7597], [-84.3492, 33.7599], [-84.3492, 33.7655], [-84.349, 33.7711], [-84.3488, 33.7763], [-84.3487, 33.7797], [-84.3487, 33.783], [-84.3484, 33.7905], [-84.3482, 33.8046], [-84.3485, 33.8064], [-84.3486, 33.8092], [-84.3485, 33.8251], [-84.3485, 33.8254], [-84.3485, 33.8263], [-84.3485, 33.8397], [-84.3484, 33.8525], [-84.3483, 33.8542], [-84.3483, 33.8575], [-84.3483, 33.8621], [-84.3482, 33.8652], [-84.3481, 33.8821], [-84.3483, 33.8909], [-84.3482, 33.9027], [-84.3479, 33.915], [-84.3478, 33.938], [-84.3478, 33.9501], [-84.3474, 33.9681], [-84.3464, 33.966], [-84.3388, 33.9694], [-84.3373, 33.9709], [-84.3179, 33.9666], [-84.3166, 33.966], [-84.3025, 33.9601], [-84.2998, 33.9593], [-84.2823, 33.9562], [-84.2771, 33.9576], [-84.2673, 33.9471], [-84.2705, 33.944], [-84.2649, 33.9312], [-84.2583, 33.9179], [-84.2524, 33.9116], [-84.2386, 33.9053], [-84.2381, 33.9051], [-84.2378, 33.9049], [-84.2322, 33.902], [-84.2249, 33.8929], [-84.2219, 33.8913], [-84.2179, 33.8865], [-84.2134, 33.8829], [-84.2077, 33.8779], [-84.2056, 33.877], [-84.1909, 33.8672], [-84.188, 33.8666], [-84.181, 33.8651], [-84.1638, 33.855], [-84.1584, 33.8536], [-84.1483, 33.8427], [-84.1343, 33.8343], [-84.1263, 33.8231], [-84.1261, 33.8229], [-84.1134, 33.8075], [-84.0972, 33.7984], [-84.0759, 33.7775], [-84.0582, 33.7728], [-84.0581, 33.7727], [-84.0403, 33.7577], [-84.0237, 33.7528], [-84.0465, 33.7348], [-84.0544, 33.7284], [-84.0604, 33.7194], [-84.0743, 33.6929], [-84.0781, 33.6853], [-84.084, 33.6743], [-84.1, 33.6441], [-84.1043, 33.636], [-84.1158, 33.6147], [-84.1285, 33.6302], [-84.1383, 33.6377], [-84.1506, 33.6386], [-84.17, 33.6393], [-84.1841, 33.6462], [-84.1874, 33.6462], [-84.224, 33.6466], [-84.2242, 33.6314], [-84.2376, 33.6307], [-84.2455, 33.6307], [-84.2539, 33.647], [-84.2541, 33.647], [-84.2669, 33.6472], [-84.2817, 33.6473], [-84.2826, 33.6473], [-84.3188, 33.6477], [-84.3271, 33.6478], [-84.3359, 33.6479], [-84.3501, 33.6479], [-84.3497, 33.6803]]]}}, {"type": "Feature", "properties": {"county_fips": "13027", "county": "Brooks", "population_2025": 16101, "births_2025": 153, "anesthesiologists": 0, "anesthesiologist_assistants": 0, "crnas": 0, "pediatric_anesthesiologists": 0, "total_providers": 0, "physician_anesthesiologists": 0, "providers_per_100k": 0.0, "physicians_per_100k": 0.0, "also_serves_providers": 0, "hospitals": 1, "surgical_hospitals": 0, "cms_ob_hospitals": 0, "critical_access_hospitals": 1, "rural_emergency_hospitals": 0, "dch_ob_county": false, "has_ob_services": false, "no_providers": true, "surgery_but_no_providers": false, "ob_but_no_physician": false}, "geometry": {"type": "Polygon", "coordinates": [[[-83.739, 30.742], [-83.7402, 30.8489], [-83.7362, 31.0377], [-83.6699, 31.0365], [-83.6001, 31.0347], [-83.574, 31.0339], [-83.5749, 31.0781], [-83.5647, 31.0679], [-83.542, 31.0511], [-83.5026, 31.0531], [-83.4756, 31.032], [-83.468, 31.0292], [-83.4637, 31.0059], [-83.4431, 30.985], [-83.4293, 30.9487], [-83.4375, 30.9386], [-83.44, 30.9045], [-83.4176, 30.8894], [-83.3986, 30.8839], [-83.3695, 30.8842], [-83.3559, 30.8722], [-83.3479, 30.8471], [-83.36, 30.8363], [-83.37, 30.8377], [-83.3741, 30.8393], [-83.3957, 30.8254], [-83.4136, 30.8289], [-83.4376, 30.8144], [-83.45, 30.8176], [-83.4533, 30.7929], [-83.4568, 30.7658], [-83.4848, 30.7524], [-83.4541, 30.7006], [-83.4397, 30.6886], [-83.3963, 30.6773], [-83.3631, 30.6538], [-83.3658, 30.6414], [-83.3577, 30.6373], [-83.3795, 30.6387], [-83.3901, 30.6393], [-83.4295, 30.6415], [-83.4297, 30.6415], [-83.4401, 30.642], [-83.449, 30.6424], [-83.5, 30.6457], [-83.5369, 30.6475], [-83.6117, 30.6512], [-83.6117, 30.6512], [-83.6741, 30.6547], [-83.6769, 30.6549], [-83.7437, 30.6584], [-83.739, 30.742]]]}}, {"type": "Feature", "properties": {"county_fips": "13037", "county": "Calhoun", "population_2025": 5413, "births_2025": 56, "anesthesiologists": 0, "anesthesiologist_assistants": 0, "crnas": 0, "pediatric_anesthesiologists": 0, "total_providers": 0, "physician_anesthesiologists": 0, "providers_per_100k": 0.0, "physicians_per_100k": 0.0, "also_serves_providers": 0, "hospitals": 0, "surgical_hospitals": 0, "cms_ob_hospitals": 0, "critical_access_hospitals": 0, "rural_emergency_hospitals": 0, "dch_ob_county": false, "has_ob_services": false, "no_providers": true, "surgery_but_no_providers": false, "ob_but_no_physician": false}, "geometry": {"type": "Polygon", "coordinates": [[[-84.808, 31.5144], [-84.8189, 31.5479], [-84.7991, 31.5653], [-84.8184, 31.5657], [-84.8178, 31.6198], [-84.6809, 31.62], [-84.6565, 31.62], [-84.6493, 31.6437], [-84.6222, 31.6378], [-84.6225, 31.6285], [-84.6069, 31.6283], [-84.5971, 31.6376], [-84.5974, 31.6214], [-84.5865, 31.6212], [-84.5866, 31.6374], [-84.578, 31.6373], [-84.578, 31.6211], [-84.5688, 31.6286], [-84.5469, 31.6212], [-84.4552, 31.6212], [-84.4504, 31.6219], [-84.4471, 31.6045], [-84.4569, 31.5865], [-84.4473, 31.5442], [-84.4379, 31.5094], [-84.4238, 31.4935], [-84.4125, 31.4569], [-84.4299, 31.4367], [-84.4481, 31.4366], [-84.436, 31.4416], [-84.4479, 31.4547], [-84.4687, 31.4482], [-84.4686, 31.4388], [-84.4908, 31.4354], [-84.4908, 31.4279], [-84.5138, 31.431], [-84.5135, 31.4396], [-84.5353, 31.4317], [-84.6376, 31.4339], [-84.6647, 31.4344], [-84.789, 31.4364], [-84.7966, 31.5013], [-84.8198, 31.5012], [-84.808, 31.5144]]]}}, {"type": "Feature", "properties": {"county_fips": "13071", "county": "Colquitt", "population_2025": 47438, "births_2025": 616, "anesthesiologists": 1, "anesthesiologist_assistants": 0, "crnas": 8, "pediatric_anesthesiologists": 0, "total_providers": 9, "physician_anesthesiologists": 1, "providers_per_100k": 19.0, "physicians_per_100k": 2.1, "also_serves_providers": 1, "hospitals": 2, "surgical_hospitals": 1, "cms_ob_hospitals": 1, "critical_access_hospitals": 0, "rural_emergency_hospitals": 0, "dch_ob_county": true, "has_ob_services": true, "no_providers": false, "surgery_but_no_providers": false, "ob_but_no_physician": false}, "geometry": {"type": "Polygon", "coordinates": [[[-84.0139, 31.1024], [-84.003, 31.1119], [-84.0009, 31.2604], [-83.9994, 31.335], [-83.8137, 31.3327], [-83.7591, 31.3322], [-83.7589, 31.319], [-83.7141, 31.3184], [-83.714, 31.326], [-83.7139, 31.3317], [-83.6541, 31.3307], [-83.5126, 31.3274], [-83.5153, 31.3023], [-83.5054, 31.2596], [-83.5135, 31.2285], [-83.5101, 31.2265], [-83.5081, 31.2222], [-83.5098, 31.2062], [-83.532, 31.1808], [-83.5405, 31.1792], [-83.5437, 31.1478], [-83.5555, 31.1448], [-83.5573, 31.1105], [-83.569, 31.0875], [-83.577, 31.0804], [-83.5749, 31.0781], [-83.574, 31.0339], [-83.6001, 31.0347], [-83.6699, 31.0365], [-83.7362, 31.0377], [-83.7644, 31.0382], [-83.7808, 31.0385], [-83.7961, 31.026], [-83.801, 31.0388], [-83.9184, 31.0405], [-83.9308, 31.0406], [-84.0029, 31.0416], [-84.0039, 31.0441], [-84.0036, 31.0773], [-84.0032, 31.1023], [-84.0139, 31.1024]]]}}, {"type": "Feature", "properties": {"county_fips": "13069", "county": "Coffee", "population_2025": 44407, "births_2025": 558, "anesthesiologists": 2, "anesthesiologist_assistants": 0, "crnas": 5, "pediatric_anesthesiologists": 0, "total_providers": 7, "physician_anesthesiologists": 2, "providers_per_100k": 15.8, "physicians_per_100k": 4.5, "also_serves_providers": 0, "hospitals": 1, "surgical_hospitals": 1, "cms_ob_hospitals": 1, "critical_access_hospitals": 0, "rural_emergency_hospitals": 0, "dch_ob_county": true, "has_ob_services": true, "no_providers": false, "surgery_but_no_providers": false, "ob_but_no_physician": false}, "geometry": {"type": "Polygon", "coordinates": [[[-83.1456, 31.4723], [-83.1117, 31.4782], [-83.0967, 31.5062], [-83.0835, 31.5161], [-83.06, 31.5655], [-83.0588, 31.6112], [-83.0448, 31.6108], [-83.0444, 31.6242], [-83.0302, 31.6237], [-83.0294, 31.6362], [-83.0141, 31.6358], [-83.0136, 31.653], [-82.9988, 31.6605], [-82.9984, 31.6732], [-82.9957, 31.781], [-82.9783, 31.7932], [-82.9553, 31.783], [-82.9465, 31.7878], [-82.9076, 31.7848], [-82.887, 31.7796], [-82.8681, 31.7823], [-82.8364, 31.8162], [-82.8366, 31.6714], [-82.8174, 31.6713], [-82.6273, 31.6727], [-82.6282, 31.5659], [-82.5963, 31.5579], [-82.5965, 31.532], [-82.5975, 31.4693], [-82.6282, 31.4693], [-82.629, 31.3639], [-82.6678, 31.3639], [-82.6969, 31.3641], [-82.8172, 31.3645], [-82.8379, 31.4009], [-82.8496, 31.4032], [-82.9263, 31.4028], [-82.9581, 31.403], [-82.9583, 31.4099], [-82.9585, 31.4173], [-83.1405, 31.4204], [-83.1511, 31.4616], [-83.1456, 31.4723]]]}}, {"type": "Feature", "properties": {"county_fips": "13093", "county": "Dooly", "population_2025": 11156, "births_2025": 105, "anesthesiologists": 0, "anesthesiologist_assistants": 0, "crnas": 0, "pediatric_anesthesiologists": 0, "total_providers": 0, "physician_anesthesiologists": 0, "providers_per_100k": 0.0, "physicians_per_100k": 0.0, "also_serves_providers": 0, "hospitals": 0, "surgical_hospitals": 0, "cms_ob_hospitals": 0, "critical_access_hospitals": 0, "rural_emergency_hospitals": 0, "dch_ob_county": false, "has_ob_services": false, "no_providers": true, "surgery_but_no_providers": false, "ob_but_no_physician": false}, "geometry": {"type": "Polygon", "coordinates": [[[-84.0276, 32.1712], [-84.0311, 32.1789], [-84.0126, 32.2014], [-83.9895, 32.2169], [-83.9651, 32.248], [-83.8975, 32.281], [-83.8948, 32.2922], [-83.883, 32.2916], [-83.8484, 32.291], [-83.7184, 32.2902], [-83.7004, 32.2829], [-83.7004, 32.29], [-83.6156, 32.2886], [-83.6064, 32.2884], [-83.6065, 32.2675], [-83.6158, 32.2515], [-83.6069, 32.2383], [-83.6078, 32.185], [-83.6085, 32.1184], [-83.6095, 32.0361], [-83.6097, 32.0279], [-83.792, 32.0296], [-83.9613, 32.0306], [-83.9692, 32.0386], [-83.9799, 32.044], [-83.977, 32.0622], [-83.9867, 32.0707], [-83.9748, 32.0922], [-83.9978, 32.1005], [-84.012, 32.1195], [-84.0085, 32.1294], [-84.0335, 32.1531], [-84.0276, 32.1712]]]}}, {"type": "Feature", "properties": {"county_fips": "13185", "county": "Lowndes", "population_2025": 122867, "births_2025": 1569, "anesthesiologists": 18, "anesthesiologist_assistants": 11, "crnas": 20, "pediatric_anesthesiologists": 0, "total_providers": 49, "physician_anesthesiologists": 18, "providers_per_100k": 39.9, "physicians_per_100k": 14.6, "also_serves_providers": 2, "hospitals": 1, "surgical_hospitals": 1, "cms_ob_hospitals": 1, "critical_access_hospitals": 0, "rural_emergency_hospitals": 0, "dch_ob_county": true, "has_ob_services": true, "no_providers": false, "surgery_but_no_providers": false, "ob_but_no_physician": false}, "geometry": {"type": "Polygon", "coordinates": [[[-83.4568, 30.7658], [-83.4533, 30.7929], [-83.45, 30.8176], [-83.4376, 30.8144], [-83.4136, 30.8289], [-83.3957, 30.8254], [-83.3741, 30.8393], [-83.37, 30.8377], [-83.36, 30.8363], [-83.3479, 30.8471], [-83.3559, 30.8722], [-83.3695, 30.8842], [-83.3986, 30.8839], [-83.4176, 30.8894], [-83.44, 30.9045], [-83.4375, 30.9386], [-83.4293, 30.9487], [-83.4431, 30.985], [-83.4637, 31.0059], [-83.468, 31.0292], [-83.4756, 31.032], [-83.3979, 31.0299], [-83.2955, 31.0273], [-83.2951, 31.0273], [-83.198, 31.0254], [-83.1806, 31.0255], [-83.1795, 30.9501], [-83.1333, 30.949], [-83.0429, 30.9473], [-83.0204, 30.9043], [-83.026, 30.8647], [-83.0194, 30.8495], [-83.0881, 30.8487], [-83.0881, 30.8312], [-83.1032, 30.8314], [-83.1044, 30.8037], [-83.1249, 30.8037], [-83.1362, 30.7752], [-83.1351, 30.7351], [-83.1303, 30.7222], [-83.1366, 30.624], [-83.1562, 30.6255], [-83.1634, 30.6259], [-83.1724, 30.6263], [-83.1745, 30.6264], [-83.1875, 30.6272], [-83.2717, 30.6322], [-83.3093, 30.6344], [-83.3095, 30.6344], [-83.3117, 30.6346], [-83.3411, 30.6363], [-83.3577, 30.6373], [-83.3658, 30.6414], [-83.3631, 30.6538], [-83.3963, 30.6773], [-83.4397, 30.6886], [-83.4541, 30.7006], [-83.4848, 30.7524], [-83.4568, 30.7658]]]}}, {"type": "Feature", "properties": {"county_fips": "13107", "county": "Emanuel", "population_2025": 23147, "births_2025": 293, "anesthesiologists": 0, "anesthesiologist_assistants": 0, "crnas": 1, "pediatric_anesthesiologists": 0, "total_providers": 1, "physician_anesthesiologists": 0, "providers_per_100k": 4.3, "physicians_per_100k": 0.0, "also_serves_providers": 1, "hospitals": 1, "surgical_hospitals": 1, "cms_ob_hospitals": 1, "critical_access_hospitals": 0, "rural_emergency_hospitals": 0, "dch_ob_county": false, "has_ob_services": false, "no_providers": false, "surgery_but_no_providers": false, "ob_but_no_physician": false}, "geometry": {"type": "Polygon", "coordinates": [[[-82.6231, 32.5216], [-82.603, 32.5215], [-82.6026, 32.5095], [-82.5979, 32.5329], [-82.5853, 32.5252], [-82.5644, 32.5325], [-82.5898, 32.5561], [-82.5944, 32.5792], [-82.512, 32.6252], [-82.5177, 32.6337], [-82.4989, 32.6427], [-82.4929, 32.634], [-82.4639, 32.6472], [-82.4903, 32.662], [-82.4986, 32.6846], [-82.4522, 32.7297], [-82.4341, 32.7623], [-82.3983, 32.7774], [-82.4186, 32.8113], [-82.3616, 32.8164], [-82.3548, 32.8273], [-82.3204, 32.84], [-82.3165, 32.8358], [-82.3008, 32.8268], [-82.2563, 32.824], [-82.2137, 32.8039], [-82.1576, 32.816], [-82.145, 32.8127], [-82.1023, 32.7114], [-82.0829, 32.6633], [-82.0012, 32.6069], [-82.0268, 32.5552], [-82.0302, 32.5388], [-82.0798, 32.5601], [-82.1483, 32.5204], [-82.1811, 32.4741], [-82.1836, 32.4592], [-82.1879, 32.4336], [-82.2545, 32.3515], [-82.242, 32.3472], [-82.2328, 32.3188], [-82.2798, 32.2942], [-82.3028, 32.2937], [-82.3546, 32.2925], [-82.3564, 32.3135], [-82.3789, 32.3369], [-82.3917, 32.3353], [-82.4091, 32.3538], [-82.4112, 32.3653], [-82.3966, 32.387], [-82.3943, 32.4115], [-82.3819, 32.4406], [-82.4051, 32.4535], [-82.4831, 32.4921], [-82.4905, 32.4965], [-82.5175, 32.4996], [-82.5345, 32.4972], [-82.563, 32.5057], [-82.6186, 32.505], [-82.6477, 32.5125], [-82.6231, 32.5216]]]}}, {"type": "Feature", "properties": {"county_fips": "13139", "county": "Hall", "population_2025": 226568, "births_2025": 2836, "anesthesiologists": 56, "anesthesiologist_assistants": 94, "crnas": 46, "pediatric_anesthesiologists": 0, "total_providers": 196, "physician_anesthesiologists": 56, "providers_per_100k": 86.5, "physicians_per_100k": 24.7, "also_serves_providers": 6, "hospitals": 1, "surgical_hospitals": 1, "cms_ob_hospitals": 1, "critical_access_hospitals": 0, "rural_emergency_hospitals": 0, "dch_ob_county": true, "has_ob_services": true, "no_providers": false, "surgery_but_no_providers": false, "ob_but_no_physician": false}, "geometry": {"type": "Polygon", "coordinates": [[[-84.0576, 34.1833], [-84.0487, 34.1912], [-84.0213, 34.1941], [-84.011, 34.1911], [-83.9849, 34.2001], [-83.9645, 34.2203], [-83.9716, 34.2283], [-83.9559, 34.2365], [-83.9498, 34.2398], [-83.9536, 34.2541], [-83.9505, 34.2616], [-83.9541, 34.2675], [-83.9256, 34.2864], [-83.9324, 34.2849], [-83.9498, 34.3123], [-83.9534, 34.3172], [-83.9455, 34.3288], [-83.9571, 34.334], [-83.9602, 34.3427], [-83.9723, 34.3484], [-83.9814, 34.3578], [-83.9843, 34.383], [-83.9756, 34.4086], [-83.9806, 34.4184], [-83.9709, 34.4228], [-83.9751, 34.4327], [-83.9564, 34.4373], [-83.9351, 34.449], [-83.9207, 34.4511], [-83.9319, 34.4693], [-83.8989, 34.4599], [-83.8876, 34.4599], [-83.8777, 34.4756], [-83.8433, 34.497], [-83.8434, 34.5055], [-83.7885, 34.5048], [-83.7776, 34.5137], [-83.7568, 34.5045], [-83.6664, 34.5036], [-83.6664, 34.5036], [-83.6385, 34.4642], [-83.6152, 34.4317], [-83.6229, 34.4194], [-83.6361, 34.4157], [-83.6556, 34.3997], [-83.6692, 34.3656], [-83.6514, 34.3437], [-83.6491, 34.3204], [-83.6199, 34.2954], [-83.6595, 34.2619], [-83.6835, 34.2415], [-83.6963, 34.2306], [-83.7478, 34.1868], [-83.7556, 34.1802], [-83.7735, 34.1651], [-83.797, 34.1451], [-83.8177, 34.1275], [-83.8275, 34.1222], [-83.8425, 34.1132], [-83.8678, 34.0987], [-83.8776, 34.1018], [-83.9145, 34.1152], [-83.9358, 34.1231], [-83.9493, 34.128], [-83.9867, 34.1415], [-83.9875, 34.1418], [-84.0207, 34.1536], [-84.0438, 34.1625], [-84.0622, 34.1685], [-84.0576, 34.1833]]]}}, {"type": "Feature", "properties": {"county_fips": "13087", "county": "Decatur", "population_2025": 29432, "births_2025": 329, "anesthesiologists": 1, "anesthesiologist_assistants": 0, "crnas": 1, "pediatric_anesthesiologists": 0, "total_providers": 2, "physician_anesthesiologists": 1, "providers_per_100k": 6.8, "physicians_per_100k": 3.4, "also_serves_providers": 1, "hospitals": 1, "surgical_hospitals": 1, "cms_ob_hospitals": 1, "critical_access_hospitals": 0, "rural_emergency_hospitals": 0, "dch_ob_county": true, "has_ob_services": true, "no_providers": false, "surgery_but_no_providers": false, "ob_but_no_physician": false}, "geometry": {"type": "Polygon", "coordinates": [[[-84.8755, 30.7275], [-84.8596, 30.753], [-84.8587, 30.7636], [-84.8499, 30.7722], [-84.8139, 30.7814], [-84.801, 30.8014], [-84.7868, 30.8015], [-84.7853, 30.8236], [-84.7689, 30.8371], [-84.7695, 30.8764], [-84.7559, 30.8853], [-84.7529, 31.0412], [-84.7316, 31.0501], [-84.7309, 31.0692], [-84.6655, 31.0682], [-84.6458, 31.068], [-84.6454, 31.0794], [-84.5427, 31.079], [-84.509, 31.0784], [-84.5081, 31.0784], [-84.3766, 31.0789], [-84.3762, 30.9876], [-84.379, 30.8169], [-84.3793, 30.79], [-84.3807, 30.69], [-84.3807, 30.69], [-84.4745, 30.6928], [-84.5259, 30.6959], [-84.5352, 30.6965], [-84.5395, 30.6968], [-84.5508, 30.6973], [-84.6064, 30.6999], [-84.6065, 30.6999], [-84.6449, 30.702], [-84.7252, 30.7056], [-84.8364, 30.7107], [-84.8635, 30.7115], [-84.8647, 30.7115], [-84.8699, 30.7219], [-84.8755, 30.7275]]]}}, {"type": "Feature", "properties": {"county_fips": "13201", "county": "Miller", "population_2025": 5812, "births_2025": 60, "anesthesiologists": 0, "anesthesiologist_assistants": 0, "crnas": 4, "pediatric_anesthesiologists": 0, "total_providers": 4, "physician_anesthesiologists": 0, "providers_per_100k": 68.8, "physicians_per_100k": 0.0, "also_serves_providers": 0, "hospitals": 1, "surgical_hospitals": 1, "cms_ob_hospitals": 0, "critical_access_hospitals": 1, "rural_emergency_hospitals": 0, "dch_ob_county": false, "has_ob_services": false, "no_providers": false, "surgery_but_no_providers": false, "ob_but_no_physician": false}, "geometry": {"type": "Polygon", "coordinates": [[[-84.9174, 31.256], [-84.814, 31.2536], [-84.7848, 31.2531], [-84.6833, 31.2514], [-84.664, 31.2594], [-84.6417, 31.2565], [-84.6417, 31.259], [-84.5371, 31.2559], [-84.5427, 31.079], [-84.6454, 31.0794], [-84.6458, 31.068], [-84.6655, 31.0682], [-84.7309, 31.0692], [-84.8461, 31.0711], [-84.9049, 31.0723], [-84.9224, 31.0726], [-84.9174, 31.256]]]}}, {"type": "Feature", "properties": {"county_fips": "13275", "county": "Thomas", "population_2025": 46368, "births_2025": 608, "anesthesiologists": 8, "anesthesiologist_assistants": 5, "crnas": 12, "pediatric_anesthesiologists": 0, "total_providers": 25, "physician_anesthesiologists": 8, "providers_per_100k": 53.9, "physicians_per_100k": 17.3, "also_serves_providers": 0, "hospitals": 1, "surgical_hospitals": 1, "cms_ob_hospitals": 1, "critical_access_hospitals": 0, "rural_emergency_hospitals": 0, "dch_ob_county": true, "has_ob_services": true, "no_providers": false, "surgery_but_no_providers": false, "ob_but_no_physician": false}, "geometry": {"type": "Polygon", "coordinates": [[[-84.119, 31.0069], [-84.1166, 31.078], [-84.0087, 31.0772], [-84.0036, 31.0773], [-84.0039, 31.0441], [-84.0029, 31.0416], [-83.9308, 31.0406], [-83.9184, 31.0405], [-83.801, 31.0388], [-83.7961, 31.026], [-83.7808, 31.0385], [-83.7644, 31.0382], [-83.7362, 31.0377], [-83.7402, 30.8489], [-83.739, 30.742], [-83.7437, 30.6584], [-83.8106, 30.6619], [-83.821, 30.6626], [-83.8553, 30.6644], [-83.8799, 30.6658], [-83.8803, 30.6658], [-83.8804, 30.6658], [-84.0075, 30.6721], [-84.0075, 30.6721], [-84.0191, 30.6727], [-84.0398, 30.6738], [-84.0419, 30.6739], [-84.0467, 30.6742], [-84.0573, 30.6747], [-84.0728, 30.6753], [-84.0838, 30.6758], [-84.0807, 30.8327], [-84.0825, 30.8538], [-84.0729, 30.8656], [-84.0799, 30.874], [-84.077, 30.9156], [-84.0969, 30.9352], [-84.1188, 30.971], [-84.1166, 30.9753], [-84.1191, 30.981], [-84.119, 31.0069]]]}}, {"type": "Feature", "properties": {"county_fips": "13315", "county": "Wilcox", "population_2025": 8797, "births_2025": 72, "anesthesiologists": 0, "anesthesiologist_assistants": 0, "crnas": 0, "pediatric_anesthesiologists": 0, "total_providers": 0, "physician_anesthesiologists": 0, "providers_per_100k": 0.0, "physicians_per_100k": 0.0, "also_serves_providers": 0, "hospitals": 0, "surgical_hospitals": 0, "cms_ob_hospitals": 0, "critical_access_hospitals": 0, "rural_emergency_hospitals": 0, "dch_ob_county": false, "has_ob_services": false, "no_providers": true, "surgery_but_no_providers": false, "ob_but_no_physician": false}, "geometry": {"type": "Polygon", "coordinates": [[[-83.6122, 31.8596], [-83.6103, 31.9878], [-83.6097, 32.0279], [-83.6095, 32.0361], [-83.6085, 32.1184], [-83.4357, 32.1172], [-83.4356, 32.1254], [-83.4165, 32.1252], [-83.4164, 32.1331], [-83.397, 32.1326], [-83.3971, 32.1241], [-83.3611, 32.1241], [-83.3594, 32.1061], [-83.3373, 32.1059], [-83.3244, 32.104], [-83.3243, 32.0956], [-83.2952, 32.0792], [-83.3006, 32.0551], [-83.3077, 32.0509], [-83.2901, 32.0274], [-83.2969, 32.0112], [-83.2848, 32.0031], [-83.2921, 31.9845], [-83.2615, 31.9521], [-83.2264, 31.9359], [-83.2156, 31.9104], [-83.2057, 31.9003], [-83.2042, 31.8847], [-83.1816, 31.8797], [-83.1775, 31.8479], [-83.183, 31.852], [-83.2096, 31.8446], [-83.3565, 31.8465], [-83.3749, 31.8461], [-83.4802, 31.8473], [-83.5475, 31.848], [-83.5416, 31.8531], [-83.6123, 31.8541], [-83.6122, 31.8596]]]}}, {"type": "Feature", "properties": {"county_fips": "13179", "county": "Liberty", "population_2025": 70313, "births_2025": 1359, "anesthesiologists": 5, "anesthesiologist_assistants": 0, "crnas": 24, "pediatric_anesthesiologists": 0, "total_providers": 29, "physician_anesthesiologists": 5, "providers_per_100k": 41.2, "physicians_per_100k": 7.1, "also_serves_providers": 3, "hospitals": 1, "surgical_hospitals": 1, "cms_ob_hospitals": 1, "critical_access_hospitals": 1, "rural_emergency_hospitals": 0, "dch_ob_county": true, "has_ob_services": true, "no_providers": false, "surgery_but_no_providers": false, "ob_but_no_physician": false}, "geometry": {"type": "Polygon", "coordinates": [[[-81.8134, 32.0162], [-81.7617, 32.0479], [-81.7187, 32.0894], [-81.6984, 32.0907], [-81.6728, 32.0639], [-81.6517, 32.0585], [-81.6403, 32.0499], [-81.6037, 32.0085], [-81.5942, 31.9918], [-81.5933, 31.9712], [-81.5787, 31.9725], [-81.5642, 31.9595], [-81.5223, 31.959], [-81.5103, 31.969], [-81.4848, 31.964], [-81.4755, 31.9742], [-81.4638, 31.95], [-81.4269, 31.9387], [-81.4077, 31.9443], [-81.405, 31.937], [-81.4049, 31.9369], [-81.4044, 31.9197], [-81.3916, 31.8936], [-81.3936, 31.8809], [-81.3849, 31.8789], [-81.3788, 31.8508], [-81.3531, 31.8376], [-81.355, 31.8297], [-81.3558, 31.8149], [-81.339, 31.8204], [-81.3387, 31.8407], [-81.311, 31.7899], [-81.2762, 31.7939], [-81.2683, 31.76], [-81.2209, 31.7436], [-81.1984, 31.7261], [-81.2036, 31.7194], [-81.1863, 31.7015], [-81.1611, 31.6914], [-81.1546, 31.6939], [-81.1519, 31.6984], [-81.1494, 31.6993], [-81.1394, 31.6999], [-81.1311, 31.6958], [-81.1356, 31.6835], [-81.1364, 31.6748], [-81.1317, 31.6545], [-81.1335, 31.6233], [-81.15, 31.5935], [-81.1604, 31.5704], [-81.1731, 31.5559], [-81.1788, 31.5555], [-81.1833, 31.5601], [-81.1861, 31.568], [-81.1891, 31.5681], [-81.194, 31.5681], [-81.1926, 31.5788], [-81.1901, 31.5981], [-81.2344, 31.6378], [-81.2619, 31.6501], [-81.3024, 31.6507], [-81.3145, 31.6594], [-81.335, 31.6506], [-81.3781, 31.6549], [-81.3995, 31.6442], [-81.4176, 31.6521], [-81.4342, 31.6411], [-81.468, 31.6791], [-81.466, 31.6943], [-81.4918, 31.6996], [-81.4996, 31.7], [-81.6111, 31.7519], [-81.64, 31.7648], [-81.642, 31.7689], [-81.6433, 31.7857], [-81.6603, 31.8008], [-81.6881, 31.8094], [-81.6954, 31.8128], [-81.7212, 31.8382], [-81.7654, 31.8745], [-81.7658, 31.8878], [-81.7654, 31.8886], [-81.7454, 31.9363], [-81.7469, 31.9693], [-81.7793, 31.981], [-81.7939, 31.9778], [-81.8244, 32.0149], [-81.8134, 32.0162]]]}}, {"type": "Feature", "properties": {"county_fips": "13183", "county": "Long", "population_2025": 21557, "births_2025": 304, "anesthesiologists": 0, "anesthesiologist_assistants": 0, "crnas": 0, "pediatric_anesthesiologists": 0, "total_providers": 0, "physician_anesthesiologists": 0, "providers_per_100k": 0.0, "physicians_per_100k": 0.0, "also_serves_providers": 0, "hospitals": 0, "surgical_hospitals": 0, "cms_ob_hospitals": 0, "critical_access_hospitals": 0, "rural_emergency_hospitals": 0, "dch_ob_county": false, "has_ob_services": false, "no_providers": true, "surgery_but_no_providers": false, "ob_but_no_physician": false}, "geometry": {"type": "Polygon", "coordinates": [[[-81.9758, 31.8049], [-81.9564, 31.8087], [-81.9404, 31.8399], [-81.9219, 31.8523], [-81.9125, 31.8868], [-81.8925, 31.8953], [-81.882, 31.9241], [-81.882, 31.9248], [-81.8896, 31.9487], [-81.8546, 31.9883], [-81.8244, 32.0149], [-81.7939, 31.9778], [-81.7793, 31.981], [-81.7469, 31.9693], [-81.7454, 31.9363], [-81.7654, 31.8886], [-81.7658, 31.8878], [-81.7654, 31.8745], [-81.7212, 31.8382], [-81.6954, 31.8128], [-81.6881, 31.8094], [-81.6603, 31.8008], [-81.6433, 31.7857], [-81.642, 31.7689], [-81.64, 31.7648], [-81.6111, 31.7519], [-81.4996, 31.7], [-81.4918, 31.6996], [-81.566, 31.5765], [-81.5691, 31.5751], [-81.6222, 31.5513], [-81.6632, 31.5387], [-81.6964, 31.5533], [-81.7018, 31.5849], [-81.7177, 31.5891], [-81.7248, 31.5994], [-81.7559, 31.6154], [-81.768, 31.6141], [-81.7715, 31.628], [-81.7906, 31.6339], [-81.7875, 31.6432], [-81.8136, 31.6645], [-81.8141, 31.6523], [-81.8309, 31.6573], [-81.8384, 31.6669], [-81.8506, 31.6677], [-81.8488, 31.6785], [-81.8671, 31.6911], [-81.8744, 31.7042], [-81.8744, 31.7102], [-81.905, 31.7243], [-81.9121, 31.7542], [-81.9445, 31.7611], [-81.9515, 31.7859], [-81.9691, 31.7893], [-81.981, 31.7914], [-81.9758, 31.8049]]]}}, {"type": "Feature", "properties": {"county_fips": "13199", "county": "Meriwether", "population_2025": 21516, "births_2025": 212, "anesthesiologists": 0, "anesthesiologist_assistants": 0, "crnas": 3, "pediatric_anesthesiologists": 0, "total_providers": 3, "physician_anesthesiologists": 0, "providers_per_100k": 13.9, "physicians_per_100k": 0.0, "also_serves_providers": 1, "hospitals": 1, "surgical_hospitals": 1, "cms_ob_hospitals": 1, "critical_access_hospitals": 1, "rural_emergency_hospitals": 0, "dch_ob_county": false, "has_ob_services": false, "no_providers": false, "surgery_but_no_providers": false, "ob_but_no_physician": false}, "geometry": {"type": "Polygon", "coordinates": [[[-84.8641, 32.9797], [-84.8641, 32.9956], [-84.8634, 33.0377], [-84.8634, 33.0821], [-84.8633, 33.0971], [-84.8624, 33.1912], [-84.8524, 33.2236], [-84.8128, 33.2234], [-84.7478, 33.2232], [-84.6746, 33.2227], [-84.6546, 33.2307], [-84.6527, 33.2225], [-84.6357, 33.2224], [-84.576, 33.2217], [-84.5024, 33.2211], [-84.4905, 33.1976], [-84.4968, 33.1839], [-84.5074, 33.1753], [-84.5154, 33.1479], [-84.5109, 33.1264], [-84.5184, 33.1068], [-84.5287, 33.098], [-84.5107, 33.0843], [-84.5251, 33.0785], [-84.5227, 33.0613], [-84.5352, 33.0422], [-84.5345, 33.0264], [-84.5218, 32.9737], [-84.527, 32.9705], [-84.532, 32.9607], [-84.5244, 32.9605], [-84.5188, 32.9483], [-84.5266, 32.9135], [-84.5082, 32.9034], [-84.5069, 32.8818], [-84.5075, 32.8772], [-84.5749, 32.8452], [-84.6771, 32.8447], [-84.7005, 32.8446], [-84.7369, 32.8579], [-84.7513, 32.8692], [-84.8476, 32.8684], [-84.8618, 32.8725], [-84.8615, 32.9608], [-84.8645, 32.9608], [-84.8641, 32.9797]]]}}, {"type": "Feature", "properties": {"county_fips": "13221", "county": "Oglethorpe", "population_2025": 16415, "births_2025": 153, "anesthesiologists": 0, "anesthesiologist_assistants": 0, "crnas": 0, "pediatric_anesthesiologists": 0, "total_providers": 0, "physician_anesthesiologists": 0, "providers_per_100k": 0.0, "physicians_per_100k": 0.0, "also_serves_providers": 0, "hospitals": 0, "surgical_hospitals": 0, "cms_ob_hospitals": 0, "critical_access_hospitals": 0, "rural_emergency_hospitals": 0, "dch_ob_county": false, "has_ob_services": false, "no_providers": true, "surgery_but_no_providers": false, "ob_but_no_physician": false}, "geometry": {"type": "Polygon", "coordinates": [[[-83.3066, 33.8114], [-83.2759, 33.848], [-83.2409, 33.9044], [-83.259, 33.924], [-83.2758, 33.9428], [-83.2696, 33.958], [-83.269, 34.0006], [-83.2584, 33.9991], [-83.237, 34.0136], [-83.2207, 34.0005], [-83.1914, 34.0125], [-83.1877, 34.0182], [-83.165, 34.034], [-83.1244, 34.0476], [-83.101, 34.0248], [-83.0906, 34.0326], [-83.0595, 34.019], [-83.0489, 34.0158], [-83.0289, 34.031], [-83.0016, 34.0309], [-82.9763, 34.0432], [-82.9435, 34.0278], [-82.9275, 34.0074], [-82.8857, 34.0001], [-82.8634, 33.983], [-82.8246, 33.9844], [-82.7795, 33.9711], [-82.7941, 33.9487], [-82.8102, 33.9455], [-82.8488, 33.9396], [-82.8746, 33.9218], [-82.8901, 33.8965], [-82.9123, 33.8772], [-82.9221, 33.8568], [-82.9468, 33.8427], [-82.9616, 33.811], [-82.9763, 33.8023], [-82.9873, 33.7807], [-82.949, 33.7333], [-82.9931, 33.7015], [-82.9956, 33.6936], [-83.0079, 33.6899], [-83.0482, 33.7141], [-83.1187, 33.6988], [-83.2803, 33.7618], [-83.2809, 33.7834], [-83.3066, 33.8114]]]}}, {"type": "Feature", "properties": {"county_fips": "13231", "county": "Pike", "population_2025": 20932, "births_2025": 205, "anesthesiologists": 0, "anesthesiologist_assistants": 0, "crnas": 0, "pediatric_anesthesiologists": 0, "total_providers": 0, "physician_anesthesiologists": 0, "providers_per_100k": 0.0, "physicians_per_100k": 0.0, "also_serves_providers": 0, "hospitals": 0, "surgical_hospitals": 0, "cms_ob_hospitals": 0, "critical_access_hospitals": 0, "rural_emergency_hospitals": 0, "dch_ob_county": false, "has_ob_services": false, "no_providers": true, "surgery_but_no_providers": false, "ob_but_no_physician": false}, "geometry": {"type": "Polygon", "coordinates": [[[-84.5352, 33.0422], [-84.5227, 33.0613], [-84.5251, 33.0785], [-84.5107, 33.0843], [-84.5287, 33.098], [-84.5184, 33.1068], [-84.5109, 33.1264], [-84.5154, 33.1479], [-84.5074, 33.1753], [-84.4968, 33.1839], [-84.4513, 33.2089], [-84.3935, 33.2083], [-84.3641, 33.1896], [-84.3523, 33.1895], [-84.3256, 33.1893], [-84.2891, 33.1892], [-84.2683, 33.1892], [-84.2482, 33.189], [-84.2484, 33.0786], [-84.2482, 33.0658], [-84.2487, 33.0393], [-84.2692, 33.0314], [-84.2701, 32.991], [-84.2891, 32.9913], [-84.2929, 32.9995], [-84.2987, 32.9915], [-84.4016, 32.9926], [-84.4156, 32.9927], [-84.49, 32.9935], [-84.5057, 32.9726], [-84.527, 32.9705], [-84.5218, 32.9737], [-84.5345, 33.0264], [-84.5352, 33.0422]]]}}, {"type": "Feature", "properties": {"county_fips": "13243", "county": "Randolph", "population_2025": 6156, "births_2025": 55, "anesthesiologists": 0, "anesthesiologist_assistants": 0, "crnas": 0, "pediatric_anesthesiologists": 0, "total_providers": 0, "physician_anesthesiologists": 0, "providers_per_100k": 0.0, "physicians_per_100k": 0.0, "also_serves_providers": 0, "hospitals": 0, "surgical_hospitals": 0, "cms_ob_hospitals": 0, "critical_access_hospitals": 0, "rural_emergency_hospitals": 0, "dch_ob_county": false, "has_ob_services": false, "no_providers": true, "surgery_but_no_providers": false, "ob_but_no_physician": false}, "geometry": {"type": "Polygon", "coordinates": [[[-84.9586, 31.7779], [-84.9103, 31.7768], [-84.9091, 31.8436], [-84.907, 31.9245], [-84.8104, 31.9229], [-84.8007, 31.9315], [-84.8007, 31.9229], [-84.7436, 31.9215], [-84.6855, 31.9203], [-84.6758, 31.9287], [-84.6558, 31.9203], [-84.5998, 31.9202], [-84.6031, 31.772], [-84.5632, 31.7706], [-84.5703, 31.7569], [-84.5609, 31.7328], [-84.5469, 31.7124], [-84.5354, 31.6765], [-84.5381, 31.6749], [-84.5362, 31.6469], [-84.5469, 31.6212], [-84.5688, 31.6286], [-84.578, 31.6211], [-84.578, 31.6373], [-84.5866, 31.6374], [-84.5865, 31.6212], [-84.5974, 31.6214], [-84.5971, 31.6376], [-84.6069, 31.6283], [-84.6225, 31.6285], [-84.6222, 31.6378], [-84.6493, 31.6437], [-84.6565, 31.62], [-84.6809, 31.62], [-84.8178, 31.6198], [-84.9424, 31.6187], [-84.9425, 31.6556], [-84.9313, 31.6554], [-84.931, 31.6723], [-84.9498, 31.6799], [-84.9593, 31.7134], [-84.9586, 31.7779]]]}}, {"type": "Feature", "properties": {"county_fips": "13259", "county": "Stewart", "population_2025": 4631, "births_2025": 39, "anesthesiologists": 0, "anesthesiologist_assistants": 0, "crnas": 0, "pediatric_anesthesiologists": 0, "total_providers": 0, "physician_anesthesiologists": 0, "providers_per_100k": 0.0, "physicians_per_100k": 0.0, "also_serves_providers": 0, "hospitals": 0, "surgical_hospitals": 0, "cms_ob_hospitals": 0, "critical_access_hospitals": 0, "rural_emergency_hospitals": 0, "dch_ob_county": false, "has_ob_services": false, "no_providers": true, "surgery_but_no_providers": false, "ob_but_no_physician": false}, "geometry": {"type": "Polygon", "coordinates": [[[-85.0538, 32.0135], [-85.0493, 32.0624], [-85.0471, 32.0874], [-85.0587, 32.136], [-85.0113, 32.1805], [-84.9617, 32.1987], [-84.9646, 32.2035], [-84.9793, 32.2073], [-84.9674, 32.2194], [-84.9594, 32.2199], [-84.925, 32.2221], [-84.9214, 32.2308], [-84.8139, 32.2309], [-84.8025, 32.221], [-84.8025, 32.2309], [-84.7479, 32.2315], [-84.6589, 32.2329], [-84.6493, 32.233], [-84.6403, 32.2253], [-84.6433, 32.0946], [-84.6444, 32.0289], [-84.6541, 32.0285], [-84.6552, 31.9844], [-84.6448, 31.9843], [-84.6454, 31.9615], [-84.655, 31.9615], [-84.6558, 31.9203], [-84.6758, 31.9287], [-84.6855, 31.9203], [-84.7436, 31.9215], [-84.8007, 31.9229], [-84.8007, 31.9315], [-84.8104, 31.9229], [-84.907, 31.9245], [-84.9172, 31.9331], [-84.9361, 31.9338], [-84.9358, 31.9418], [-84.9552, 31.9423], [-84.9549, 31.9503], [-84.9741, 31.9502], [-84.9737, 31.9593], [-84.954, 31.9668], [-84.9537, 31.9748], [-85.042, 31.9757], [-85.0419, 31.9848], [-85.0632, 31.9919], [-85.0538, 32.0135]]]}}, {"type": "Feature", "properties": {"county_fips": "13245", "county": "Richmond", "population_2025": 206559, "births_2025": 2743, "anesthesiologists": 180, "anesthesiologist_assistants": 4, "crnas": 200, "pediatric_anesthesiologists": 5, "total_providers": 389, "physician_anesthesiologists": 185, "providers_per_100k": 188.3, "physicians_per_100k": 89.6, "also_serves_providers": 10, "hospitals": 3, "surgical_hospitals": 3, "cms_ob_hospitals": 3, "critical_access_hospitals": 0, "rural_emergency_hospitals": 0, "dch_ob_county": true, "has_ob_services": true, "no_providers": false, "surgery_but_no_providers": false, "ob_but_no_physician": false}, "geometry": {"type": "Polygon", "coordinates": [[[-82.3535, 33.3123], [-82.2942, 33.3546], [-82.2212, 33.4077], [-82.1891, 33.4312], [-82.1799, 33.4387], [-82.1287, 33.4739], [-82.11, 33.4875], [-82.1085, 33.4885], [-82.0987, 33.4955], [-82.0884, 33.503], [-82.0707, 33.5161], [-82.063, 33.5207], [-82.0282, 33.5449], [-82.0234, 33.5407], [-82.0234, 33.5379], [-82.0198, 33.535], [-82.0125, 33.5321], [-82.0115, 33.5317], [-82.01, 33.5304], [-82.0076, 33.5233], [-82.0071, 33.5228], [-82.0043, 33.5219], [-82.0013, 33.5201], [-81.9919, 33.5044], [-81.9904, 33.5008], [-81.9906, 33.4981], [-81.9909, 33.4942], [-81.9893, 33.49], [-81.9859, 33.4865], [-81.9817, 33.4845], [-81.9806, 33.484], [-81.9735, 33.4826], [-81.967, 33.4806], [-81.9554, 33.4756], [-81.9554, 33.4756], [-81.9464, 33.4717], [-81.9417, 33.47], [-81.9341, 33.4683], [-81.9294, 33.4658], [-81.9263, 33.4629], [-81.9208, 33.452], [-81.9135, 33.4413], [-81.9135, 33.4396], [-81.9134, 33.4374], [-81.9145, 33.4357], [-81.9162, 33.4331], [-81.9207, 33.431], [-81.925, 33.4293], [-81.9268, 33.4266], [-81.9272, 33.4228], [-81.9249, 33.4193], [-81.9211, 33.4174], [-81.9193, 33.4156], [-81.9192, 33.4131], [-81.9201, 33.4108], [-81.9231, 33.4083], [-81.9305, 33.4068], [-81.9349, 33.406], [-81.937, 33.4042], [-81.9373, 33.4013], [-81.9355, 33.3979], [-81.9309, 33.3801], [-81.9248, 33.3741], [-81.9257, 33.3711], [-81.9306, 33.3682], [-81.9346, 33.3689], [-81.9396, 33.3725], [-81.9437, 33.3723], [-81.9463, 33.3706], [-81.9467, 33.3673], [-81.9447, 33.364], [-81.9348, 33.356], [-81.9356, 33.352], [-81.9398, 33.3477], [-81.9397, 33.3449], [-81.9372, 33.3436], [-81.9327, 33.3435], [-81.9247, 33.3453], [-81.918, 33.3416], [-81.9191, 33.3344], [-81.9183, 33.3328], [-81.9133, 33.3295], [-81.9113, 33.3276], [-81.9103, 33.3254], [-81.9093, 33.3242], [-81.9064, 33.3242], [-81.9041, 33.3273], [-81.9026, 33.3303], [-81.9003, 33.3311], [-81.8982, 33.3297], [-81.8969, 33.3276], [-81.8971, 33.3244], [-81.8973, 33.3223], [-81.8866, 33.3169], [-81.8841, 33.3104], [-81.8758, 33.3074], [-81.8704, 33.3129], [-81.8679, 33.314], [-81.8662, 33.3136], [-81.8537, 33.3103], [-81.8473, 33.3068], [-81.8461, 33.3038], [-81.8496, 33.2995], [-81.8516, 33.2985], [-81.8529, 33.2996], [-81.8573, 33.2995], [-81.8615, 33.2979], [-81.8632, 33.2888], [-81.8613, 33.2862], [-81.8518, 33.2835], [-81.844, 33.2786], [-81.8383, 33.273], [-81.8383, 33.2691], [-81.8401, 33.267], [-81.8425, 33.2666], [-81.8473, 33.2663], [-81.8531, 33.2507], [-81.8521, 33.2475], [-81.852, 33.2474], [-81.8775, 33.2587], [-81.9013, 33.2613], [-81.9346, 33.253], [-81.9475, 33.2419], [-81.9792, 33.2272], [-82.0451, 33.2364], [-82.06, 33.2426], [-82.0915, 33.2303], [-82.1253, 33.2497], [-82.1337, 33.2759], [-82.1651, 33.296], [-82.1742, 33.2968], [-82.2676, 33.2674], [-82.2735, 33.2676], [-82.2968, 33.2773], [-82.3115, 33.2971], [-82.3535, 33.3123]]]}}, {"type": "Feature", "properties": {"county_fips": "13001", "county": "Appling", "population_2025": 19100, "births_2025": 206, "anesthesiologists": 0, "anesthesiologist_assistants": 1, "crnas": 1, "pediatric_anesthesiologists": 0, "total_providers": 2, "physician_anesthesiologists": 0, "providers_per_100k": 10.5, "physicians_per_100k": 0.0, "also_serves_providers": 1, "hospitals": 1, "surgical_hospitals": 1, "cms_ob_hospitals": 0, "critical_access_hospitals": 0, "rural_emergency_hospitals": 0, "dch_ob_county": false, "has_ob_services": false, "no_providers": false, "surgery_but_no_providers": false, "ob_but_no_physician": false}, "geometry": {"type": "Polygon", "coordinates": [[[-82.5507, 31.7491], [-82.5202, 31.7492], [-82.5189, 31.8384], [-82.4587, 31.8381], [-82.4314, 31.838], [-82.4314, 31.8444], [-82.4315, 31.9662], [-82.408, 31.9557], [-82.4072, 31.9495], [-82.4022, 31.9603], [-82.3721, 31.954], [-82.3724, 31.9415], [-82.3233, 31.9345], [-82.3145, 31.9308], [-82.2916, 31.9424], [-82.2597, 31.9324], [-82.2468, 31.9151], [-82.2331, 31.9192], [-82.225, 31.9131], [-82.1428, 31.8993], [-82.1174, 31.8866], [-82.1149, 31.901], [-82.1096, 31.8703], [-82.1166, 31.8643], [-82.1072, 31.8638], [-82.0486, 31.8271], [-82.0771, 31.8291], [-82.0872, 31.821], [-82.0872, 31.7995], [-82.1066, 31.7975], [-82.107, 31.7861], [-82.0893, 31.7859], [-82.0894, 31.7729], [-82.133, 31.7734], [-82.1335, 31.6308], [-82.1329, 31.5693], [-82.1479, 31.5691], [-82.1329, 31.5575], [-82.1328, 31.4713], [-82.1511, 31.4699], [-82.1634, 31.4757], [-82.219, 31.5187], [-82.2266, 31.5307], [-82.232, 31.5447], [-82.2408, 31.5557], [-82.3181, 31.5943], [-82.3485, 31.6207], [-82.3892, 31.6378], [-82.4075, 31.6392], [-82.4378, 31.6614], [-82.4727, 31.6802], [-82.4958, 31.7102], [-82.5214, 31.7108], [-82.5206, 31.7362], [-82.5507, 31.7363], [-82.5507, 31.7491]]]}}, {"type": "Feature", "properties": {"county_fips": "13255", "county": "Spalding", "population_2025": 70775, "births_2025": 801, "anesthesiologists": 3, "anesthesiologist_assistants": 2, "crnas": 4, "pediatric_anesthesiologists": 0, "total_providers": 9, "physician_anesthesiologists": 3, "providers_per_100k": 12.7, "physicians_per_100k": 4.2, "also_serves_providers": 2, "hospitals": 1, "surgical_hospitals": 1, "cms_ob_hospitals": 1, "critical_access_hospitals": 0, "rural_emergency_hospitals": 0, "dch_ob_county": true, "has_ob_services": true, "no_providers": false, "surgery_but_no_providers": false, "ob_but_no_physician": false}, "geometry": {"type": "Polygon", "coordinates": [[[-84.508, 33.2486], [-84.4975, 33.2574], [-84.4329, 33.2565], [-84.4188, 33.2937], [-84.393, 33.3089], [-84.383, 33.3402], [-84.3881, 33.3525], [-84.3544, 33.3525], [-84.2966, 33.3525], [-84.2913, 33.3525], [-84.2492, 33.3525], [-84.2474, 33.3526], [-84.2473, 33.336], [-84.177, 33.336], [-84.1506, 33.3356], [-84.1509, 33.313], [-84.1124, 33.2983], [-84.1026, 33.2982], [-84.089, 33.2856], [-84.1208, 33.2545], [-84.1181, 33.2487], [-84.1238, 33.2028], [-84.124, 33.1786], [-84.2243, 33.1794], [-84.2275, 33.1889], [-84.2482, 33.189], [-84.2683, 33.1892], [-84.2891, 33.1892], [-84.3256, 33.1893], [-84.3523, 33.1895], [-84.3641, 33.1896], [-84.3935, 33.2083], [-84.4513, 33.2089], [-84.4968, 33.1839], [-84.4905, 33.1976], [-84.5024, 33.2211], [-84.508, 33.2486]]]}}, {"type": "Feature", "properties": {"county_fips": "13283", "county": "Treutlen", "population_2025": 6466, "births_2025": 60, "anesthesiologists": 0, "anesthesiologist_assistants": 0, "crnas": 0, "pediatric_anesthesiologists": 0, "total_providers": 0, "physician_anesthesiologists": 0, "providers_per_100k": 0.0, "physicians_per_100k": 0.0, "also_serves_providers": 0, "hospitals": 0, "surgical_hospitals": 0, "cms_ob_hospitals": 0, "critical_access_hospitals": 0, "rural_emergency_hospitals": 0, "dch_ob_county": false, "has_ob_services": false, "no_providers": true, "surgery_but_no_providers": false, "ob_but_no_physician": false}, "geometry": {"type": "Polygon", "coordinates": [[[-82.7244, 32.3636], [-82.7226, 32.3641], [-82.7234, 32.3658], [-82.7225, 32.3684], [-82.7229, 32.3704], [-82.7215, 32.3704], [-82.7177, 32.3719], [-82.7172, 32.3734], [-82.7203, 32.3759], [-82.7204, 32.3766], [-82.7189, 32.3784], [-82.7179, 32.381], [-82.7168, 32.3822], [-82.7167, 32.3842], [-82.7159, 32.3847], [-82.7152, 32.3868], [-82.7163, 32.3894], [-82.7162, 32.3926], [-82.7153, 32.3931], [-82.7128, 32.3914], [-82.7102, 32.3922], [-82.7069, 32.3939], [-82.7055, 32.3966], [-82.7029, 32.3979], [-82.7022, 32.3988], [-82.7009, 32.4021], [-82.7011, 32.4041], [-82.6994, 32.4062], [-82.6976, 32.4072], [-82.6974, 32.4087], [-82.6995, 32.4112], [-82.6991, 32.413], [-82.7001, 32.4142], [-82.6992, 32.4159], [-82.6972, 32.4175], [-82.7022, 32.4316], [-82.694, 32.4541], [-82.6486, 32.4672], [-82.6331, 32.491], [-82.6571, 32.5072], [-82.6477, 32.5125], [-82.6186, 32.505], [-82.563, 32.5057], [-82.5345, 32.4972], [-82.5175, 32.4996], [-82.4905, 32.4965], [-82.4831, 32.4921], [-82.4051, 32.4535], [-82.3819, 32.4406], [-82.3943, 32.4115], [-82.3966, 32.387], [-82.4112, 32.3653], [-82.4091, 32.3538], [-82.4091, 32.3537], [-82.6493, 32.3111], [-82.6555, 32.2976], [-82.6738, 32.2936], [-82.6941, 32.2946], [-82.722, 32.3093], [-82.7487, 32.3291], [-82.7244, 32.3636]]]}}, {"type": "Feature", "properties": {"county_fips": "13039", "county": "Camden", "population_2025": 60143, "births_2025": 765, "anesthesiologists": 1, "anesthesiologist_assistants": 5, "crnas": 5, "pediatric_anesthesiologists": 0, "total_providers": 11, "physician_anesthesiologists": 1, "providers_per_100k": 18.3, "physicians_per_100k": 1.7, "also_serves_providers": 1, "hospitals": 1, "surgical_hospitals": 1, "cms_ob_hospitals": 1, "critical_access_hospitals": 0, "rural_emergency_hospitals": 0, "dch_ob_county": true, "has_ob_services": true, "no_providers": false, "surgery_but_no_providers": false, "ob_but_no_physician": false}, "geometry": {"type": "Polygon", "coordinates": [[[-81.9367, 31.0608], [-81.926, 31.0616], [-81.924, 31.088], [-81.913, 31.0961], [-81.8896, 31.1008], [-81.8407, 31.0977], [-81.8191, 31.1365], [-81.7662, 31.1697], [-81.7641, 31.1545], [-81.7242, 31.1496], [-81.6862, 31.1224], [-81.6653, 31.1251], [-81.6316, 31.1081], [-81.5877, 31.1181], [-81.5773, 31.1172], [-81.5641, 31.1308], [-81.5579, 31.1244], [-81.5641, 31.1055], [-81.5727, 31.0973], [-81.5567, 31.0808], [-81.5398, 31.0838], [-81.5266, 31.0632], [-81.4925, 31.0545], [-81.4863, 31.0346], [-81.4569, 31.0372], [-81.4449, 31.029], [-81.4431, 31.0167], [-81.4514, 31.0155], [-81.4578, 31.0103], [-81.4592, 31.0057], [-81.4693, 30.996], [-81.4906, 30.985], [-81.4937, 30.9775], [-81.4902, 30.9734], [-81.487, 30.9696], [-81.4758, 30.966], [-81.4723, 30.9699], [-81.4668, 30.9709], [-81.4536, 30.9656], [-81.4474, 30.9567], [-81.4365, 30.9567], [-81.4269, 30.9566], [-81.4201, 30.9741], [-81.4158, 30.9772], [-81.4085, 30.9777], [-81.4034, 30.9579], [-81.4052, 30.9082], [-81.4286, 30.8363], [-81.4308, 30.8312], [-81.4401, 30.8214], [-81.4469, 30.8104], [-81.4553, 30.7909], [-81.4601, 30.7699], [-81.4611, 30.7537], [-81.4595, 30.742], [-81.4494, 30.7156], [-81.4441, 30.7097], [-81.4487, 30.7094], [-81.46, 30.7104], [-81.4645, 30.711], [-81.4654, 30.7113], [-81.4726, 30.7133], [-81.4758, 30.7148], [-81.4838, 30.7239], [-81.4873, 30.7261], [-81.4895, 30.7261], [-81.5072, 30.7229], [-81.5161, 30.7222], [-81.5214, 30.7225], [-81.5283, 30.7234], [-81.5305, 30.7229], [-81.5328, 30.7216], [-81.534, 30.7199], [-81.5345, 30.7179], [-81.5355, 30.7163], [-81.5377, 30.7143], [-81.5393, 30.7135], [-81.5409, 30.7133], [-81.5427, 30.7136], [-81.5447, 30.714], [-81.5469, 30.7143], [-81.5492, 30.716], [-81.5526, 30.717], [-81.5617, 30.7156], [-81.5662, 30.7178], [-81.5669, 30.7183], [-81.5714, 30.7216], [-81.5724, 30.7219], [-81.5737, 30.7223], [-81.5868, 30.7237], [-81.5937, 30.7255], [-81.6012, 30.7281], [-81.604, 30.7273], [-81.6057, 30.7253], [-81.6077, 30.7219], [-81.6095, 30.7207], [-81.6177, 30.722], [-81.6196, 30.7248], [-81.6208, 30.7295], [-81.6219, 30.7312], [-81.6251, 30.733], [-81.6296, 30.7324], [-81.6333, 30.7296], [-81.6461, 30.7276], [-81.6492, 30.7287], [-81.6504, 30.7297], [-81.6518, 30.7323], [-81.6522, 30.7356], [-81.6517, 30.7402], [-81.6521, 30.7424], [-81.6545, 30.7439], [-81.6545, 30.7439], [-81.6565, 30.7451], [-81.6622, 30.7465], [-81.6646, 30.7466], [-81.6673, 30.7457], [-81.6683, 30.7446], [-81.6693, 30.7413], [-81.6701, 30.7402], [-81.6728, 30.7389], [-81.6889, 30.7414], [-81.691, 30.7428], [-81.6918, 30.744], [-81.6928, 30.7471], [-81.6948, 30.7484], [-81.7115, 30.7459], [-81.7199, 30.7446], [-81.7271, 30.7469], [-81.7322, 30.7496], [-81.7427, 30.7592], [-81.7431, 30.7599], [-81.7434, 30.7623], [-81.7442, 30.7639], [-81.745, 30.765], [-81.7463, 30.7659], [-81.7476, 30.7665], [-81.7513, 30.7671], [-81.7551, 30.7683], [-81.7583, 30.7706], [-81.7593, 30.7714], [-81.7634, 30.7738], [-81.7682, 30.774], [-81.7705, 30.7725], [-81.7726, 30.7695], [-81.775, 30.7683], [-81.7792, 30.7681], [-81.7827, 30.7699], [-81.7844, 30.7736], [-81.7928, 30.7844], [-81.8067, 30.7897], [-81.8085, 30.79], [-81.827, 30.7889], [-81.8404, 30.7864], [-81.8421, 30.7871], [-81.8436, 30.7883], [-81.8463, 30.7905], [-81.8526, 30.7944], [-81.8686, 30.7928], [-81.8769, 30.7995], [-81.8827, 30.8051], [-81.8913, 30.8159], [-81.8929, 30.8193], [-81.8957, 30.8211], [-81.8994, 30.8217], [-81.9024, 30.8208], [-81.9049, 30.8283], [-81.8921, 30.9099], [-81.9143, 30.9109], [-81.892, 30.9605], [-81.9146, 30.976], [-81.9174, 30.9877], [-81.9071, 30.9991], [-81.906, 31.0397], [-81.936, 31.048], [-81.9367, 31.0608]]]}}, {"type": "Feature", "properties": {"county_fips": "13077", "county": "Coweta", "population_2025": 160240, "births_2025": 1692, "anesthesiologists": 17, "anesthesiologist_assistants": 6, "crnas": 82, "pediatric_anesthesiologists": 0, "total_providers": 105, "physician_anesthesiologists": 17, "providers_per_100k": 65.5, "physicians_per_100k": 10.6, "also_serves_providers": 61, "hospitals": 2, "surgical_hospitals": 2, "cms_ob_hospitals": 1, "critical_access_hospitals": 0, "rural_emergency_hospitals": 0, "dch_ob_county": true, "has_ob_services": true, "no_providers": false, "surgery_but_no_providers": false, "ob_but_no_physician": false}, "geometry": {"type": "Polygon", "coordinates": [[[-85.0125, 33.4305], [-84.995, 33.4362], [-84.9855, 33.4569], [-84.9541, 33.4392], [-84.9298, 33.443], [-84.9088, 33.4692], [-84.8789, 33.4906], [-84.8553, 33.4959], [-84.8507, 33.5115], [-84.837, 33.5114], [-84.7305, 33.5108], [-84.6929, 33.5114], [-84.6749, 33.511], [-84.6707, 33.5111], [-84.6666, 33.5117], [-84.6318, 33.5111], [-84.621, 33.5107], [-84.6095, 33.5025], [-84.6268, 33.4752], [-84.6267, 33.4571], [-84.6183, 33.4083], [-84.6097, 33.3971], [-84.5922, 33.3784], [-84.586, 33.3579], [-84.5649, 33.3447], [-84.5628, 33.3425], [-84.5395, 33.3333], [-84.5366, 33.3358], [-84.5314, 33.3276], [-84.5222, 33.3191], [-84.5183, 33.3185], [-84.5174, 33.293], [-84.4975, 33.2574], [-84.508, 33.2486], [-84.5024, 33.2211], [-84.576, 33.2217], [-84.6357, 33.2224], [-84.6527, 33.2225], [-84.6546, 33.2307], [-84.6746, 33.2227], [-84.7478, 33.2232], [-84.8128, 33.2234], [-84.8524, 33.2236], [-84.8624, 33.1912], [-84.872, 33.2074], [-84.8621, 33.2239], [-84.8943, 33.2242], [-84.939, 33.2247], [-84.949, 33.2512], [-84.9488, 33.2823], [-84.9586, 33.2771], [-85.0154, 33.4255], [-85.0125, 33.4305]]]}}, {"type": "Feature", "properties": {"county_fips": "13291", "county": "Union", "population_2025": 27859, "births_2025": 164, "anesthesiologists": 1, "anesthesiologist_assistants": 0, "crnas": 10, "pediatric_anesthesiologists": 0, "total_providers": 11, "physician_anesthesiologists": 1, "providers_per_100k": 39.5, "physicians_per_100k": 3.6, "also_serves_providers": 0, "hospitals": 1, "surgical_hospitals": 1, "cms_ob_hospitals": 1, "critical_access_hospitals": 0, "rural_emergency_hospitals": 0, "dch_ob_county": true, "has_ob_services": true, "no_providers": false, "surgery_but_no_providers": false, "ob_but_no_physician": false}, "geometry": {"type": "Polygon", "coordinates": [[[-84.1791, 34.9515], [-84.1295, 34.9875], [-84.0967, 34.9874], [-84.0912, 34.9874], [-84.03, 34.9873], [-84.0214, 34.9874], [-84.0053, 34.9874], [-83.9633, 34.9875], [-83.9366, 34.9875], [-83.9364, 34.9875], [-83.946, 34.9706], [-83.9269, 34.9557], [-83.9186, 34.9299], [-83.9007, 34.9234], [-83.8658, 34.9147], [-83.8565, 34.8989], [-83.833, 34.8996], [-83.8196, 34.9138], [-83.8051, 34.8966], [-83.8114, 34.8744], [-83.8092, 34.8603], [-83.7912, 34.8433], [-83.7963, 34.8283], [-83.7808, 34.8185], [-83.7803, 34.7929], [-83.8259, 34.7785], [-83.8296, 34.7396], [-83.8294, 34.7309], [-83.8565, 34.7222], [-83.936, 34.7383], [-83.939, 34.7409], [-83.9826, 34.7159], [-83.9947, 34.6782], [-84.0241, 34.6708], [-84.0328, 34.652], [-84.0343, 34.6526], [-84.0385, 34.6517], [-84.0365, 34.6419], [-84.0708, 34.6564], [-84.0987, 34.6532], [-84.1249, 34.6644], [-84.158, 34.6482], [-84.1036, 34.7278], [-84.0932, 34.7278], [-84.0932, 34.8014], [-84.124, 34.796], [-84.1401, 34.8069], [-84.1473, 34.8448], [-84.1119, 34.875], [-84.1077, 34.8876], [-84.1335, 34.9165], [-84.1608, 34.9269], [-84.1725, 34.9415], [-84.1791, 34.9515]]]}}, {"type": "Feature", "properties": {"county_fips": "13297", "county": "Walton", "population_2025": 112696, "births_2025": 1352, "anesthesiologists": 3, "anesthesiologist_assistants": 0, "crnas": 2, "pediatric_anesthesiologists": 0, "total_providers": 5, "physician_anesthesiologists": 3, "providers_per_100k": 4.4, "physicians_per_100k": 2.7, "also_serves_providers": 0, "hospitals": 1, "surgical_hospitals": 1, "cms_ob_hospitals": 1, "critical_access_hospitals": 0, "rural_emergency_hospitals": 0, "dch_ob_county": true, "has_ob_services": true, "no_providers": false, "surgery_but_no_providers": false, "ob_but_no_physician": false}, "geometry": {"type": "Polygon", "coordinates": [[[-83.9667, 33.7987], [-83.9214, 33.8331], [-83.9204, 33.8338], [-83.9085, 33.8428], [-83.9015, 33.8482], [-83.8761, 33.8685], [-83.8551, 33.8853], [-83.8432, 33.8948], [-83.8348, 33.9015], [-83.7991, 33.9298], [-83.7977, 33.9269], [-83.7816, 33.9159], [-83.7609, 33.8946], [-83.7395, 33.8997], [-83.7274, 33.8982], [-83.7162, 33.9024], [-83.676, 33.9175], [-83.647, 33.9062], [-83.639, 33.9084], [-83.6306, 33.8869], [-83.6128, 33.8819], [-83.5836, 33.8836], [-83.5873, 33.8676], [-83.5583, 33.8407], [-83.5332, 33.8209], [-83.5059, 33.8178], [-83.5264, 33.7961], [-83.5347, 33.7815], [-83.5902, 33.7114], [-83.6001, 33.6989], [-83.6809, 33.5969], [-83.6994, 33.6094], [-83.7011, 33.6233], [-83.7344, 33.6456], [-83.7583, 33.6464], [-83.7781, 33.6587], [-83.7824, 33.6615], [-83.8513, 33.7047], [-83.8926, 33.7304], [-83.9148, 33.7442], [-83.9156, 33.7447], [-83.982, 33.7861], [-83.9667, 33.7987]]]}}, {"type": "Feature", "properties": {"county_fips": "13157", "county": "Jackson", "population_2025": 99265, "births_2025": 1134, "anesthesiologists": 0, "anesthesiologist_assistants": 0, "crnas": 3, "pediatric_anesthesiologists": 0, "total_providers": 3, "physician_anesthesiologists": 0, "providers_per_100k": 3.0, "physicians_per_100k": 0.0, "also_serves_providers": 0, "hospitals": 0, "surgical_hospitals": 0, "cms_ob_hospitals": 0, "critical_access_hospitals": 0, "rural_emergency_hospitals": 0, "dch_ob_county": false, "has_ob_services": false, "no_providers": false, "surgery_but_no_providers": false, "ob_but_no_physician": false}, "geometry": {"type": "Polygon", "coordinates": [[[-83.8177, 34.1275], [-83.797, 34.1451], [-83.7735, 34.1651], [-83.7556, 34.1802], [-83.7478, 34.1868], [-83.6963, 34.2306], [-83.6835, 34.2415], [-83.6595, 34.2619], [-83.6199, 34.2954], [-83.5615, 34.2527], [-83.5183, 34.2565], [-83.4792, 34.2607], [-83.4578, 34.2431], [-83.4254, 34.2179], [-83.4228, 34.2125], [-83.4024, 34.1975], [-83.3794, 34.1713], [-83.3638, 34.1641], [-83.361, 34.1484], [-83.3571, 34.1162], [-83.3743, 34.0822], [-83.3814, 34.0785], [-83.3868, 34.0502], [-83.3595, 34.0403], [-83.3844, 34.0385], [-83.384, 34.031], [-83.4206, 34.0174], [-83.422, 34.0169], [-83.4536, 34.0047], [-83.4748, 33.9963], [-83.4845, 33.9928], [-83.5031, 33.9996], [-83.4982, 33.9875], [-83.5374, 33.9659], [-83.5633, 34.0319], [-83.5844, 34.041], [-83.588, 34.0381], [-83.6005, 34.0353], [-83.6146, 34.0472], [-83.6349, 34.0462], [-83.6691, 34.0483], [-83.6735, 34.053], [-83.6946, 34.0563], [-83.7096, 34.0452], [-83.7171, 34.0551], [-83.7406, 34.0695], [-83.7651, 34.0653], [-83.791, 34.0872], [-83.7935, 34.1011], [-83.8148, 34.1134], [-83.8177, 34.1275]]]}}, {"type": "Feature", "properties": {"county_fips": "13009", "county": "Baldwin", "population_2025": 44029, "births_2025": 385, "anesthesiologists": 4, "anesthesiologist_assistants": 0, "crnas": 8, "pediatric_anesthesiologists": 0, "total_providers": 12, "physician_anesthesiologists": 4, "providers_per_100k": 27.3, "physicians_per_100k": 9.1, "also_serves_providers": 3, "hospitals": 1, "surgical_hospitals": 1, "cms_ob_hospitals": 1, "critical_access_hospitals": 0, "rural_emergency_hospitals": 0, "dch_ob_county": true, "has_ob_services": true, "no_providers": false, "surgery_but_no_providers": false, "ob_but_no_physician": false}, "geometry": {"type": "Polygon", "coordinates": [[[-83.4178, 33.1774], [-83.41, 33.1814], [-83.3915, 33.1835], [-83.3638, 33.1691], [-83.3631, 33.1802], [-83.341, 33.1723], [-83.3306, 33.1675], [-83.3189, 33.1831], [-83.293, 33.1899], [-83.2741, 33.1872], [-83.2605, 33.1885], [-83.1954, 33.1763], [-83.0975, 33.1512], [-83.095, 33.1444], [-83.1099, 33.1285], [-83.1176, 33.0889], [-83.1013, 33.0502], [-83.0522, 33.0807], [-83.0448, 33.0607], [-83.0677, 33.0274], [-83.0513, 33.0031], [-83.0491, 32.9856], [-83.0682, 32.9744], [-83.0736, 32.9466], [-83.1143, 32.973], [-83.1332, 33.0071], [-83.1596, 33.0028], [-83.1795, 32.9874], [-83.1624, 32.9696], [-83.2062, 32.9836], [-83.2357, 32.972], [-83.2687, 32.9587], [-83.2761, 32.9421], [-83.2877, 32.9519], [-83.3577, 32.9261], [-83.3927, 33.0387], [-83.394, 33.0432], [-83.4033, 33.0725], [-83.4177, 33.1251], [-83.4291, 33.1854], [-83.4178, 33.1774]]]}}, {"type": "Feature", "properties": {"county_fips": "13309", "county": "Wheeler", "population_2025": 7570, "births_2025": 67, "anesthesiologists": 0, "anesthesiologist_assistants": 0, "crnas": 0, "pediatric_anesthesiologists": 0, "total_providers": 0, "physician_anesthesiologists": 0, "providers_per_100k": 0.0, "physicians_per_100k": 0.0, "also_serves_providers": 0, "hospitals": 0, "surgical_hospitals": 0, "cms_ob_hospitals": 0, "critical_access_hospitals": 0, "rural_emergency_hospitals": 0, "dch_ob_county": false, "has_ob_services": false, "no_providers": true, "surgery_but_no_providers": false, "ob_but_no_physician": false}, "geometry": {"type": "Polygon", "coordinates": [[[-82.9279, 32.1353], [-82.8718, 32.1827], [-82.8848, 32.1961], [-82.8583, 32.1944], [-82.7687, 32.2697], [-82.7619, 32.2642], [-82.762, 32.2756], [-82.722, 32.3093], [-82.6941, 32.2946], [-82.6738, 32.2936], [-82.6555, 32.2976], [-82.6452, 32.2958], [-82.6515, 32.2867], [-82.6366, 32.2691], [-82.6486, 32.2445], [-82.6324, 32.226], [-82.6253, 32.206], [-82.6323, 32.1957], [-82.6266, 32.17], [-82.6129, 32.1615], [-82.6136, 32.15], [-82.6262, 32.1327], [-82.6236, 32.1137], [-82.6114, 32.0891], [-82.623, 32.0823], [-82.6106, 32.0752], [-82.6138, 32.0606], [-82.6021, 32.0465], [-82.6075, 32.032], [-82.5977, 32.014], [-82.5476, 31.9816], [-82.5437, 31.9589], [-82.5445, 31.9559], [-82.565, 31.9571], [-82.6034, 31.9376], [-82.6457, 31.9189], [-82.6952, 31.9569], [-82.697, 31.9639], [-82.701, 31.9712], [-82.7104, 31.9759], [-82.7207, 32.0007], [-82.7317, 32.0075], [-82.767, 32.0118], [-82.7869, 32.0225], [-82.8017, 32.0449], [-82.8375, 32.0607], [-82.8523, 32.0606], [-82.8698, 32.0743], [-82.888, 32.0808], [-82.9153, 32.1236], [-82.94, 32.1252], [-82.9279, 32.1353]]]}}, {"type": "Feature", "properties": {"county_fips": "13135", "county": "Gwinnett", "population_2025": 1018099, "births_2025": 11246, "anesthesiologists": 83, "anesthesiologist_assistants": 101, "crnas": 134, "pediatric_anesthesiologists": 2, "total_providers": 320, "physician_anesthesiologists": 85, "providers_per_100k": 31.4, "physicians_per_100k": 8.3, "also_serves_providers": 35, "hospitals": 3, "surgical_hospitals": 3, "cms_ob_hospitals": 3, "critical_access_hospitals": 0, "rural_emergency_hospitals": 0, "dch_ob_county": true, "has_ob_services": true, "no_providers": false, "surgery_but_no_providers": false, "ob_but_no_physician": false}, "geometry": {"type": "Polygon", "coordinates": [[[-84.2712, 33.9598], [-84.2647, 33.9652], [-84.2581, 33.9682], [-84.2627, 33.9734], [-84.2628, 33.9737], [-84.2623, 33.9874], [-84.2547, 33.9861], [-84.2483, 33.9983], [-84.2325, 34.0021], [-84.2241, 34.0039], [-84.2125, 34.0038], [-84.2021, 33.9972], [-84.2045, 33.9902], [-84.1917, 33.9915], [-84.1807, 33.9994], [-84.1798, 34.008], [-84.174, 34.0229], [-84.1681, 34.0288], [-84.1571, 34.0324], [-84.1411, 34.03], [-84.1213, 34.0344], [-84.1075, 34.0451], [-84.0977, 34.0507], [-84.1008, 34.0534], [-84.118, 34.0659], [-84.1133, 34.0783], [-84.1138, 34.0852], [-84.1099, 34.0984], [-84.1019, 34.1046], [-84.0975, 34.1229], [-84.0934, 34.1261], [-84.0948, 34.1322], [-84.0765, 34.1578], [-84.0622, 34.1684], [-84.0622, 34.1685], [-84.0438, 34.1625], [-84.0207, 34.1536], [-83.9875, 34.1418], [-83.9867, 34.1415], [-83.9493, 34.128], [-83.9358, 34.1231], [-83.9145, 34.1152], [-83.8776, 34.1018], [-83.8678, 34.0987], [-83.8425, 34.1132], [-83.8275, 34.1222], [-83.8177, 34.1275], [-83.8402, 34.0731], [-83.8413, 34.0705], [-83.8493, 34.0512], [-83.8649, 34.0135], [-83.8691, 34.0043], [-83.8662, 34.0036], [-83.8554, 33.9931], [-83.8452, 33.9883], [-83.8384, 33.9837], [-83.8383, 33.9836], [-83.8377, 33.9826], [-83.8373, 33.9822], [-83.8373, 33.9819], [-83.8373, 33.9816], [-83.8372, 33.9809], [-83.8371, 33.9806], [-83.8368, 33.9794], [-83.8366, 33.9791], [-83.8361, 33.9784], [-83.8357, 33.978], [-83.8356, 33.9772], [-83.8349, 33.9763], [-83.8348, 33.9761], [-83.8349, 33.9758], [-83.8352, 33.9755], [-83.8352, 33.9751], [-83.8349, 33.9747], [-83.8343, 33.9738], [-83.8342, 33.9733], [-83.8343, 33.9731], [-83.8344, 33.9726], [-83.8336, 33.9709], [-83.8332, 33.9703], [-83.8331, 33.9699], [-83.833, 33.9694], [-83.832, 33.9664], [-83.813, 33.9531], [-83.8134, 33.9495], [-83.7991, 33.9298], [-83.8348, 33.9015], [-83.8432, 33.8948], [-83.8551, 33.8853], [-83.8761, 33.8685], [-83.9015, 33.8482], [-83.9085, 33.8428], [-83.9204, 33.8338], [-83.9214, 33.8331], [-83.9667, 33.7987], [-83.982, 33.7861], [-83.9937, 33.777], [-84.0095, 33.7641], [-84.0188, 33.7566], [-84.0237, 33.7528], [-84.0403, 33.7577], [-84.0581, 33.7727], [-84.0582, 33.7728], [-84.0759, 33.7775], [-84.0972, 33.7984], [-84.1134, 33.8075], [-84.1261, 33.8229], [-84.1263, 33.8231], [-84.1343, 33.8343], [-84.1483, 33.8427], [-84.1584, 33.8536], [-84.1638, 33.855], [-84.181, 33.8651], [-84.188, 33.8666], [-84.1909, 33.8672], [-84.2056, 33.877], [-84.2077, 33.8779], [-84.2134, 33.8829], [-84.2179, 33.8865], [-84.2219, 33.8913], [-84.2249, 33.8929], [-84.2322, 33.902], [-84.2378, 33.9049], [-84.2381, 33.9051], [-84.2386, 33.9053], [-84.2524, 33.9116], [-84.2583, 33.9179], [-84.2649, 33.9312], [-84.2705, 33.944], [-84.2673, 33.9471], [-84.2771, 33.9576], [-84.2712, 33.9598]]]}}, {"type": "Feature", "properties": {"county_fips": "13189", "county": "McDuffie", "population_2025": 21640, "births_2025": 233, "anesthesiologists": 1, "anesthesiologist_assistants": 0, "crnas": 2, "pediatric_anesthesiologists": 0, "total_providers": 3, "physician_anesthesiologists": 1, "providers_per_100k": 13.9, "physicians_per_100k": 4.6, "also_serves_providers": 1, "hospitals": 1, "surgical_hospitals": 1, "cms_ob_hospitals": 0, "critical_access_hospitals": 0, "rural_emergency_hospitals": 0, "dch_ob_county": false, "has_ob_services": false, "no_providers": false, "surgery_but_no_providers": false, "ob_but_no_physician": false}, "geometry": {"type": "Polygon", "coordinates": [[[-82.6435, 33.618], [-82.6335, 33.6111], [-82.617, 33.6122], [-82.6237, 33.6194], [-82.6178, 33.6322], [-82.5867, 33.6405], [-82.5836, 33.6505], [-82.5735, 33.6395], [-82.5656, 33.6459], [-82.5443, 33.6386], [-82.5372, 33.6492], [-82.5252, 33.6447], [-82.5072, 33.66], [-82.4795, 33.6395], [-82.4582, 33.6375], [-82.4309, 33.6551], [-82.4253, 33.6506], [-82.4428, 33.6316], [-82.433, 33.6081], [-82.4132, 33.5921], [-82.4328, 33.5689], [-82.4372, 33.5521], [-82.3849, 33.5299], [-82.4005, 33.5064], [-82.3993, 33.4968], [-82.3848, 33.4673], [-82.3349, 33.4181], [-82.3406, 33.4066], [-82.3197, 33.3795], [-82.3096, 33.3656], [-82.2942, 33.3546], [-82.3535, 33.3123], [-82.372, 33.3109], [-82.3838, 33.3121], [-82.4111, 33.3199], [-82.4174, 33.3323], [-82.45, 33.3405], [-82.5107, 33.342], [-82.5358, 33.3575], [-82.5481, 33.3528], [-82.5443, 33.3747], [-82.5536, 33.4156], [-82.5656, 33.4289], [-82.5846, 33.4497], [-82.5877, 33.4573], [-82.6039, 33.4966], [-82.6497, 33.6088], [-82.6435, 33.618]]]}}, {"type": "Feature", "properties": {"county_fips": "13013", "county": "Barrow", "population_2025": 99773, "births_2025": 1328, "anesthesiologists": 3, "anesthesiologist_assistants": 1, "crnas": 2, "pediatric_anesthesiologists": 0, "total_providers": 6, "physician_anesthesiologists": 3, "providers_per_100k": 6.0, "physicians_per_100k": 3.0, "also_serves_providers": 1, "hospitals": 1, "surgical_hospitals": 1, "cms_ob_hospitals": 1, "critical_access_hospitals": 0, "rural_emergency_hospitals": 0, "dch_ob_county": false, "has_ob_services": false, "no_providers": false, "surgery_but_no_providers": false, "ob_but_no_physician": false}, "geometry": {"type": "Polygon", "coordinates": [[[-83.8691, 34.0043], [-83.8649, 34.0135], [-83.8493, 34.0512], [-83.8413, 34.0705], [-83.8402, 34.0731], [-83.8177, 34.1275], [-83.8148, 34.1134], [-83.7935, 34.1011], [-83.791, 34.0872], [-83.7651, 34.0653], [-83.7406, 34.0695], [-83.7171, 34.0551], [-83.7096, 34.0452], [-83.6946, 34.0563], [-83.6735, 34.053], [-83.6691, 34.0483], [-83.6349, 34.0462], [-83.6146, 34.0472], [-83.6005, 34.0353], [-83.588, 34.0381], [-83.5844, 34.041], [-83.5633, 34.0319], [-83.5374, 33.9659], [-83.5667, 33.9501], [-83.5755, 33.9454], [-83.613, 33.9249], [-83.647, 33.9062], [-83.676, 33.9175], [-83.7162, 33.9024], [-83.7274, 33.8982], [-83.7395, 33.8997], [-83.7609, 33.8946], [-83.7816, 33.9159], [-83.7977, 33.9269], [-83.7991, 33.9298], [-83.8134, 33.9495], [-83.813, 33.9531], [-83.832, 33.9664], [-83.833, 33.9694], [-83.8331, 33.9699], [-83.8332, 33.9703], [-83.8336, 33.9709], [-83.8344, 33.9726], [-83.8343, 33.9731], [-83.8342, 33.9733], [-83.8343, 33.9738], [-83.8349, 33.9747], [-83.8352, 33.9751], [-83.8352, 33.9755], [-83.8349, 33.9758], [-83.8348, 33.9761], [-83.8349, 33.9763], [-83.8356, 33.9772], [-83.8357, 33.978], [-83.8361, 33.9784], [-83.8366, 33.9791], [-83.8368, 33.9794], [-83.8371, 33.9806], [-83.8372, 33.9809], [-83.8373, 33.9816], [-83.8373, 33.9819], [-83.8373, 33.9822], [-83.8377, 33.9826], [-83.8383, 33.9836], [-83.8384, 33.9837], [-83.8452, 33.9883], [-83.8554, 33.9931], [-83.8662, 34.0036], [-83.8691, 34.0043]]]}}, {"type": "Feature", "properties": {"county_fips": "13025", "county": "Brantley", "population_2025": 18936, "births_2025": 184, "anesthesiologists": 0, "anesthesiologist_assistants": 0, "crnas": 0, "pediatric_anesthesiologists": 0, "total_providers": 0, "physician_anesthesiologists": 0, "providers_per_100k": 0.0, "physicians_per_100k": 0.0, "also_serves_providers": 0, "hospitals": 0, "surgical_hospitals": 0, "cms_ob_hospitals": 0, "critical_access_hospitals": 0, "rural_emergency_hospitals": 0, "dch_ob_county": false, "has_ob_services": false, "no_providers": true, "surgery_but_no_providers": false, "ob_but_no_physician": false}, "geometry": {"type": "Polygon", "coordinates": [[[-82.2846, 31.2244], [-82.2686, 31.217], [-82.2263, 31.2205], [-82.1935, 31.2024], [-82.1623, 31.2169], [-82.1464, 31.2269], [-82.1442, 31.255], [-82.1148, 31.2704], [-82.0765, 31.2755], [-82.0633, 31.2712], [-82.0569, 31.2747], [-82.0076, 31.2756], [-81.9972, 31.2886], [-81.9921, 31.3079], [-82.0202, 31.3274], [-82.0408, 31.3628], [-82.0411, 31.3737], [-82.0311, 31.3662], [-81.9517, 31.3511], [-81.9232, 31.3459], [-81.9101, 31.3472], [-81.8452, 31.3547], [-81.8011, 31.3637], [-81.7317, 31.33], [-81.7327, 31.3013], [-81.7472, 31.2815], [-81.7605, 31.2317], [-81.7669, 31.2015], [-81.7818, 31.1658], [-81.7662, 31.1697], [-81.8191, 31.1365], [-81.8407, 31.0977], [-81.8896, 31.1008], [-81.913, 31.0961], [-81.924, 31.088], [-81.926, 31.0616], [-81.9367, 31.0608], [-81.936, 31.048], [-82.0609, 31.0758], [-82.0802, 31.0139], [-82.0831, 31.0104], [-82.1317, 31.0107], [-82.1636, 31.0486], [-82.2083, 31.0848], [-82.2087, 31.1709], [-82.2341, 31.1704], [-82.2518, 31.1827], [-82.2843, 31.1927], [-82.2846, 31.2244]]]}}, {"type": "Feature", "properties": {"county_fips": "13029", "county": "Bryan", "population_2025": 52062, "births_2025": 616, "anesthesiologists": 0, "anesthesiologist_assistants": 0, "crnas": 1, "pediatric_anesthesiologists": 0, "total_providers": 1, "physician_anesthesiologists": 0, "providers_per_100k": 1.9, "physicians_per_100k": 0.0, "also_serves_providers": 0, "hospitals": 0, "surgical_hospitals": 0, "cms_ob_hospitals": 0, "critical_access_hospitals": 0, "rural_emergency_hospitals": 0, "dch_ob_county": false, "has_ob_services": false, "no_providers": false, "surgery_but_no_providers": false, "ob_but_no_physician": false}, "geometry": {"type": "Polygon", "coordinates": [[[-81.7809, 32.1529], [-81.6248, 32.1897], [-81.5639, 32.2066], [-81.5194, 32.2187], [-81.4358, 32.2413], [-81.4292, 32.2166], [-81.4136, 32.208], [-81.4186, 32.1966], [-81.4137, 32.1602], [-81.4022, 32.1445], [-81.4068, 32.1019], [-81.3917, 32.0959], [-81.3871, 32.0902], [-81.3847, 32.0795], [-81.367, 32.0479], [-81.3346, 32.0277], [-81.3044, 32.0007], [-81.3089, 31.9823], [-81.3073, 31.9811], [-81.2886, 31.9772], [-81.2878, 31.9542], [-81.2888, 31.9459], [-81.2631, 31.9271], [-81.259, 31.9054], [-81.2393, 31.9116], [-81.2332, 31.908], [-81.2413, 31.8894], [-81.2123, 31.9184], [-81.1955, 31.922], [-81.1907, 31.915], [-81.2022, 31.9024], [-81.2172, 31.8977], [-81.2087, 31.8885], [-81.1804, 31.9007], [-81.1612, 31.8876], [-81.1526, 31.8622], [-81.1385, 31.8559], [-81.1578, 31.8345], [-81.1597, 31.8236], [-81.177, 31.8161], [-81.1797, 31.7913], [-81.1633, 31.7877], [-81.1619, 31.7792], [-81.1731, 31.7639], [-81.1595, 31.746], [-81.1547, 31.7262], [-81.1607, 31.7281], [-81.1928, 31.7332], [-81.1984, 31.7261], [-81.2209, 31.7436], [-81.2683, 31.76], [-81.2762, 31.7939], [-81.311, 31.7899], [-81.3387, 31.8407], [-81.339, 31.8204], [-81.3558, 31.8149], [-81.355, 31.8297], [-81.3531, 31.8376], [-81.3788, 31.8508], [-81.3849, 31.8789], [-81.3936, 31.8809], [-81.3916, 31.8936], [-81.4044, 31.9197], [-81.4049, 31.9369], [-81.405, 31.937], [-81.4077, 31.9443], [-81.4269, 31.9387], [-81.4638, 31.95], [-81.4755, 31.9742], [-81.4848, 31.964], [-81.5103, 31.969], [-81.5223, 31.959], [-81.5642, 31.9595], [-81.5787, 31.9725], [-81.5933, 31.9712], [-81.5942, 31.9918], [-81.6037, 32.0085], [-81.6403, 32.0499], [-81.6517, 32.0585], [-81.6728, 32.0639], [-81.6984, 32.0907], [-81.7187, 32.0894], [-81.741, 32.1045], [-81.7563, 32.1046], [-81.7633, 32.1176], [-81.7773, 32.1319], [-81.7809, 32.1529]]]}}, {"type": "Feature", "properties": {"county_fips": "13127", "county": "Glynn", "population_2025": 87599, "births_2025": 896, "anesthesiologists": 6, "anesthesiologist_assistants": 10, "crnas": 18, "pediatric_anesthesiologists": 0, "total_providers": 34, "physician_anesthesiologists": 6, "providers_per_100k": 38.8, "physicians_per_100k": 6.8, "also_serves_providers": 2, "hospitals": 1, "surgical_hospitals": 1, "cms_ob_hospitals": 1, "critical_access_hospitals": 0, "rural_emergency_hospitals": 0, "dch_ob_county": true, "has_ob_services": true, "no_providers": false, "surgery_but_no_providers": false, "ob_but_no_physician": false}, "geometry": {"type": "Polygon", "coordinates": [[[-81.7669, 31.2015], [-81.7605, 31.2317], [-81.7472, 31.2815], [-81.7327, 31.3013], [-81.7317, 31.33], [-81.7252, 31.3272], [-81.6981, 31.3679], [-81.7048, 31.3749], [-81.692, 31.4005], [-81.6618, 31.4043], [-81.626, 31.453], [-81.6243, 31.453], [-81.607, 31.4397], [-81.6051, 31.4269], [-81.5867, 31.415], [-81.5776, 31.3994], [-81.5514, 31.3781], [-81.5359, 31.3764], [-81.5343, 31.3678], [-81.5055, 31.3556], [-81.4811, 31.336], [-81.4679, 31.3385], [-81.4477, 31.3281], [-81.435, 31.3293], [-81.4359, 31.3133], [-81.4035, 31.3077], [-81.4078, 31.291], [-81.4015, 31.2952], [-81.383, 31.3171], [-81.3688, 31.3187], [-81.3191, 31.3092], [-81.2982, 31.2925], [-81.2699, 31.2945], [-81.2747, 31.2895], [-81.2769, 31.2547], [-81.2828, 31.2443], [-81.2891, 31.2255], [-81.2886, 31.2144], [-81.2884, 31.2111], [-81.2934, 31.2063], [-81.305, 31.2062], [-81.3142, 31.2079], [-81.339, 31.1869], [-81.3479, 31.1759], [-81.3549, 31.1672], [-81.3608, 31.1559], [-81.3593, 31.1492], [-81.3603, 31.1479], [-81.3682, 31.1365], [-81.3868, 31.1332], [-81.3993, 31.1341], [-81.3997, 31.1341], [-81.4008, 31.1301], [-81.4021, 31.1254], [-81.4037, 31.1071], [-81.4012, 31.0861], [-81.4013, 31.0728], [-81.4151, 31.0267], [-81.4205, 31.0167], [-81.4247, 31.0137], [-81.4325, 31.013], [-81.4347, 31.0146], [-81.4349, 31.0178], [-81.4431, 31.0167], [-81.4449, 31.029], [-81.4569, 31.0372], [-81.4863, 31.0346], [-81.4925, 31.0545], [-81.5266, 31.0632], [-81.5398, 31.0838], [-81.5567, 31.0808], [-81.5727, 31.0973], [-81.5641, 31.1055], [-81.5579, 31.1244], [-81.5641, 31.1308], [-81.5773, 31.1172], [-81.5877, 31.1181], [-81.6316, 31.1081], [-81.6653, 31.1251], [-81.6862, 31.1224], [-81.7242, 31.1496], [-81.7641, 31.1545], [-81.7662, 31.1697], [-81.7818, 31.1658], [-81.7669, 31.2015]]]}}, {"type": "Feature", "properties": {"county_fips": "13153", "county": "Houston", "population_2025": 178214, "births_2025": 2038, "anesthesiologists": 5, "anesthesiologist_assistants": 0, "crnas": 23, "pediatric_anesthesiologists": 0, "total_providers": 28, "physician_anesthesiologists": 5, "providers_per_100k": 15.7, "physicians_per_100k": 2.8, "also_serves_providers": 0, "hospitals": 2, "surgical_hospitals": 2, "cms_ob_hospitals": 1, "critical_access_hospitals": 0, "rural_emergency_hospitals": 0, "dch_ob_county": true, "has_ob_services": true, "no_providers": false, "surgery_but_no_providers": false, "ob_but_no_physician": false}, "geometry": {"type": "Polygon", "coordinates": [[[-83.8565, 32.3824], [-83.837, 32.3822], [-83.837, 32.3939], [-83.8369, 32.423], [-83.8462, 32.4394], [-83.8467, 32.4685], [-83.8278, 32.4576], [-83.8171, 32.4399], [-83.7977, 32.447], [-83.7977, 32.4848], [-83.778, 32.5055], [-83.749, 32.5052], [-83.7487, 32.5342], [-83.7439, 32.5319], [-83.7315, 32.5225], [-83.7231, 32.5211], [-83.7211, 32.5266], [-83.7199, 32.5326], [-83.72, 32.5465], [-83.7199, 32.5671], [-83.7201, 32.5804], [-83.7191, 32.5982], [-83.7141, 32.6046], [-83.7187, 32.6146], [-83.7186, 32.6314], [-83.7282, 32.6351], [-83.7278, 32.6514], [-83.7092, 32.6513], [-83.7091, 32.6594], [-83.7089, 32.675], [-83.7011, 32.6916], [-83.7012, 32.6922], [-83.6902, 32.687], [-83.6735, 32.6768], [-83.6252, 32.669], [-83.6193, 32.664], [-83.6047, 32.6606], [-83.5977, 32.6643], [-83.5558, 32.6525], [-83.5429, 32.6258], [-83.5351, 32.5866], [-83.5481, 32.5719], [-83.5357, 32.5291], [-83.5399, 32.5245], [-83.5179, 32.4989], [-83.4884, 32.4851], [-83.4979, 32.4522], [-83.4826, 32.4245], [-83.4841, 32.4058], [-83.498, 32.4017], [-83.5027, 32.3892], [-83.5067, 32.3889], [-83.5229, 32.4022], [-83.5724, 32.3446], [-83.6156, 32.2886], [-83.7004, 32.29], [-83.7004, 32.2829], [-83.7184, 32.2902], [-83.8484, 32.291], [-83.8468, 32.3577], [-83.8566, 32.3578], [-83.8565, 32.3824]]]}}, {"type": "Feature", "properties": {"county_fips": "13261", "county": "Sumter", "population_2025": 28801, "births_2025": 360, "anesthesiologists": 0, "anesthesiologist_assistants": 0, "crnas": 3, "pediatric_anesthesiologists": 0, "total_providers": 3, "physician_anesthesiologists": 0, "providers_per_100k": 10.4, "physicians_per_100k": 0.0, "also_serves_providers": 1, "hospitals": 1, "surgical_hospitals": 1, "cms_ob_hospitals": 1, "critical_access_hospitals": 0, "rural_emergency_hospitals": 0, "dch_ob_county": true, "has_ob_services": true, "no_providers": false, "surgery_but_no_providers": false, "ob_but_no_physician": true}, "geometry": {"type": "Polygon", "coordinates": [[[-84.4438, 31.9676], [-84.433, 32.042], [-84.4312, 32.1341], [-84.4302, 32.1663], [-84.2826, 32.1638], [-84.2799, 32.1593], [-84.2693, 32.1662], [-84.2606, 32.1592], [-84.2132, 32.1592], [-84.1836, 32.1585], [-84.1817, 32.2297], [-84.1341, 32.228], [-84.1347, 32.1854], [-84.0848, 32.1913], [-84.0435, 32.1815], [-84.0398, 32.1746], [-84.0276, 32.1712], [-84.0335, 32.1531], [-84.0085, 32.1294], [-84.012, 32.1195], [-83.9978, 32.1005], [-83.9748, 32.0922], [-83.9867, 32.0707], [-83.977, 32.0622], [-83.9799, 32.044], [-83.9692, 32.0386], [-83.9613, 32.0306], [-83.9503, 32.0154], [-83.9504, 31.9972], [-83.9326, 31.965], [-83.9191, 31.9231], [-83.9225, 31.9097], [-83.9357, 31.9118], [-84.0847, 31.914], [-84.2021, 31.915], [-84.2649, 31.916], [-84.3381, 31.9162], [-84.3382, 31.8736], [-84.3576, 31.8852], [-84.3834, 31.9169], [-84.4404, 31.9596], [-84.4438, 31.9675], [-84.4438, 31.9676]]]}}, {"type": "Feature", "properties": {"county_fips": "13271", "county": "Telfair", "population_2025": 11195, "births_2025": 131, "anesthesiologists": 0, "anesthesiologist_assistants": 0, "crnas": 0, "pediatric_anesthesiologists": 0, "total_providers": 0, "physician_anesthesiologists": 0, "providers_per_100k": 0.0, "physicians_per_100k": 0.0, "also_serves_providers": 0, "hospitals": 0, "surgical_hospitals": 0, "cms_ob_hospitals": 0, "critical_access_hospitals": 0, "rural_emergency_hospitals": 0, "dch_ob_county": false, "has_ob_services": false, "no_providers": true, "surgery_but_no_providers": false, "ob_but_no_physician": false}, "geometry": {"type": "Polygon", "coordinates": [[[-83.2057, 31.9003], [-83.0952, 31.9941], [-83.0168, 32.0597], [-82.9654, 32.1041], [-82.9421, 32.1241], [-82.9555, 32.1353], [-82.9346, 32.1533], [-82.9279, 32.1353], [-82.94, 32.1252], [-82.9153, 32.1236], [-82.888, 32.0808], [-82.8698, 32.0743], [-82.8523, 32.0606], [-82.8375, 32.0607], [-82.8017, 32.0449], [-82.7869, 32.0225], [-82.767, 32.0118], [-82.7317, 32.0075], [-82.7207, 32.0007], [-82.7104, 31.9759], [-82.701, 31.9712], [-82.697, 31.9639], [-82.6952, 31.9569], [-82.6457, 31.9189], [-82.6577, 31.9236], [-82.6744, 31.92], [-82.6769, 31.9103], [-82.6999, 31.9036], [-82.7308, 31.8827], [-82.7572, 31.857], [-82.7728, 31.8617], [-82.7958, 31.8351], [-82.8247, 31.8135], [-82.8364, 31.8162], [-82.8681, 31.7823], [-82.887, 31.7796], [-82.9076, 31.7848], [-82.9465, 31.7878], [-82.9553, 31.783], [-82.9783, 31.7932], [-82.9957, 31.781], [-83.0058, 31.7746], [-83.0528, 31.7892], [-83.085, 31.8115], [-83.1013, 31.812], [-83.1296, 31.8101], [-83.1346, 31.8241], [-83.1718, 31.842], [-83.1775, 31.8479], [-83.1816, 31.8797], [-83.2042, 31.8847], [-83.2057, 31.9003]]]}}, {"type": "Feature", "properties": {"county_fips": "13081", "county": "Crisp", "population_2025": 19237, "births_2025": 234, "anesthesiologists": 3, "anesthesiologist_assistants": 0, "crnas": 6, "pediatric_anesthesiologists": 0, "total_providers": 9, "physician_anesthesiologists": 3, "providers_per_100k": 46.8, "physicians_per_100k": 15.6, "also_serves_providers": 3, "hospitals": 1, "surgical_hospitals": 1, "cms_ob_hospitals": 1, "critical_access_hospitals": 0, "rural_emergency_hospitals": 0, "dch_ob_county": true, "has_ob_services": true, "no_providers": false, "surgery_but_no_providers": false, "ob_but_no_physician": false}, "geometry": {"type": "Polygon", "coordinates": [[[-83.9613, 32.0306], [-83.792, 32.0296], [-83.6097, 32.0279], [-83.6103, 31.9878], [-83.6122, 31.8596], [-83.6123, 31.8541], [-83.6125, 31.8163], [-83.6135, 31.8041], [-83.6512, 31.8043], [-83.8027, 31.8036], [-83.8262, 31.8098], [-83.8453, 31.8312], [-83.9243, 31.8484], [-83.9394, 31.8479], [-83.9265, 31.8633], [-83.9341, 31.8814], [-83.9225, 31.9097], [-83.9191, 31.9231], [-83.9326, 31.965], [-83.9504, 31.9972], [-83.9503, 32.0154], [-83.9613, 32.0306]]]}}, {"type": "Feature", "properties": {"county_fips": "13145", "county": "Harris", "population_2025": 37280, "births_2025": 286, "anesthesiologists": 0, "anesthesiologist_assistants": 0, "crnas": 0, "pediatric_anesthesiologists": 0, "total_providers": 0, "physician_anesthesiologists": 0, "providers_per_100k": 0.0, "physicians_per_100k": 0.0, "also_serves_providers": 0, "hospitals": 0, "surgical_hospitals": 0, "cms_ob_hospitals": 0, "critical_access_hospitals": 0, "rural_emergency_hospitals": 0, "dch_ob_county": false, "has_ob_services": false, "no_providers": true, "surgery_but_no_providers": false, "ob_but_no_physician": false}, "geometry": {"type": "Polygon", "coordinates": [[[-85.1858, 32.8703], [-85.1088, 32.8702], [-85.0994, 32.8666], [-85.0351, 32.8696], [-84.8619, 32.8686], [-84.8618, 32.8725], [-84.8476, 32.8684], [-84.7513, 32.8692], [-84.7369, 32.8579], [-84.7005, 32.8446], [-84.6924, 32.8294], [-84.6927, 32.7552], [-84.6931, 32.7388], [-84.6829, 32.7304], [-84.6829, 32.7228], [-84.6933, 32.7225], [-84.7032, 32.7007], [-84.6939, 32.686], [-84.6943, 32.6474], [-84.6946, 32.5839], [-84.8204, 32.5834], [-84.828, 32.5834], [-84.9027, 32.5834], [-84.9077, 32.6076], [-84.9369, 32.6077], [-84.951, 32.6076], [-84.9783, 32.6076], [-84.9818, 32.6077], [-85.0262, 32.608], [-85.0797, 32.6081], [-85.0897, 32.6316], [-85.1053, 32.6448], [-85.0885, 32.658], [-85.0935, 32.6697], [-85.1147, 32.6856], [-85.1152, 32.6873], [-85.1227, 32.7157], [-85.1201, 32.7202], [-85.1142, 32.7304], [-85.1185, 32.7408], [-85.1301, 32.7517], [-85.1389, 32.7601], [-85.1222, 32.7734], [-85.1333, 32.7821], [-85.1679, 32.8116], [-85.1679, 32.8117], [-85.1666, 32.8145], [-85.1535, 32.8428], [-85.177, 32.8569], [-85.1844, 32.8613], [-85.1858, 32.8703]]]}}, {"type": "Feature", "properties": {"county_fips": "13321", "county": "Worth", "population_2025": 20059, "births_2025": 189, "anesthesiologists": 0, "anesthesiologist_assistants": 0, "crnas": 0, "pediatric_anesthesiologists": 0, "total_providers": 0, "physician_anesthesiologists": 0, "providers_per_100k": 0.0, "physicians_per_100k": 0.0, "also_serves_providers": 0, "hospitals": 1, "surgical_hospitals": 1, "cms_ob_hospitals": 1, "critical_access_hospitals": 1, "rural_emergency_hospitals": 0, "dch_ob_county": false, "has_ob_services": false, "no_providers": true, "surgery_but_no_providers": true, "ob_but_no_physician": false}, "geometry": {"type": "Polygon", "coordinates": [[[-84.0183, 31.7252], [-84.0035, 31.7546], [-83.9864, 31.7654], [-83.9916, 31.7838], [-84.0084, 31.8016], [-83.9769, 31.8033], [-83.9673, 31.8345], [-83.9394, 31.8479], [-83.9243, 31.8484], [-83.8453, 31.8312], [-83.8262, 31.8098], [-83.8027, 31.8036], [-83.7973, 31.7607], [-83.7968, 31.6229], [-83.7869, 31.6228], [-83.7065, 31.6191], [-83.7046, 31.6134], [-83.6677, 31.5859], [-83.6638, 31.5656], [-83.6494, 31.568], [-83.6495, 31.5547], [-83.6506, 31.4847], [-83.6658, 31.4851], [-83.6667, 31.4342], [-83.6518, 31.4339], [-83.6528, 31.3896], [-83.6541, 31.3307], [-83.7139, 31.3317], [-83.714, 31.326], [-83.7141, 31.3184], [-83.7589, 31.319], [-83.7591, 31.3322], [-83.8137, 31.3327], [-83.9994, 31.335], [-83.9994, 31.3369], [-83.9978, 31.4438], [-83.9977, 31.4628], [-83.9826, 31.4635], [-83.9975, 31.476], [-83.9967, 31.5517], [-83.9817, 31.5533], [-83.9966, 31.5635], [-83.9962, 31.6252], [-84.0125, 31.6336], [-83.9934, 31.65], [-84.0184, 31.6503], [-84.0124, 31.663], [-84.0327, 31.7163], [-84.0183, 31.7252]]]}}, {"type": "Feature", "properties": {"county_fips": "13113", "county": "Fayette", "population_2025": 125156, "births_2025": 911, "anesthesiologists": 7, "anesthesiologist_assistants": 20, "crnas": 10, "pediatric_anesthesiologists": 0, "total_providers": 37, "physician_anesthesiologists": 7, "providers_per_100k": 29.6, "physicians_per_100k": 5.6, "also_serves_providers": 55, "hospitals": 1, "surgical_hospitals": 1, "cms_ob_hospitals": 1, "critical_access_hospitals": 0, "rural_emergency_hospitals": 0, "dch_ob_county": true, "has_ob_services": true, "no_providers": false, "surgery_but_no_providers": false, "ob_but_no_physician": false}, "geometry": {"type": "Polygon", "coordinates": [[[-84.6268, 33.4752], [-84.6095, 33.5025], [-84.6068, 33.5097], [-84.5951, 33.5182], [-84.576, 33.5234], [-84.5569, 33.5284], [-84.5313, 33.5345], [-84.5237, 33.5365], [-84.4645, 33.5498], [-84.4587, 33.5509], [-84.4394, 33.5507], [-84.4339, 33.5352], [-84.4336, 33.5244], [-84.4275, 33.5171], [-84.4206, 33.494], [-84.3975, 33.4857], [-84.3816, 33.463], [-84.3848, 33.4587], [-84.3887, 33.4479], [-84.3837, 33.4444], [-84.4022, 33.4364], [-84.4021, 33.4253], [-84.4023, 33.4201], [-84.3931, 33.42], [-84.3931, 33.412], [-84.3886, 33.412], [-84.3946, 33.3885], [-84.3927, 33.3871], [-84.3916, 33.3871], [-84.3899, 33.3857], [-84.3951, 33.3603], [-84.3881, 33.3525], [-84.383, 33.3402], [-84.393, 33.3089], [-84.4188, 33.2937], [-84.4329, 33.2565], [-84.4975, 33.2574], [-84.5174, 33.293], [-84.5183, 33.3185], [-84.5222, 33.3191], [-84.5314, 33.3276], [-84.5366, 33.3358], [-84.5395, 33.3333], [-84.5628, 33.3425], [-84.5649, 33.3447], [-84.586, 33.3579], [-84.5922, 33.3784], [-84.6097, 33.3971], [-84.6183, 33.4083], [-84.6267, 33.4571], [-84.6268, 33.4752]]]}}, {"type": "Feature", "properties": {"county_fips": "13267", "county": "Tattnall", "population_2025": 24376, "births_2025": 279, "anesthesiologists": 0, "anesthesiologist_assistants": 10, "crnas": 8, "pediatric_anesthesiologists": 0, "total_providers": 18, "physician_anesthesiologists": 0, "providers_per_100k": 73.8, "physicians_per_100k": 0.0, "also_serves_providers": 42, "hospitals": 1, "surgical_hospitals": 1, "cms_ob_hospitals": 0, "critical_access_hospitals": 1, "rural_emergency_hospitals": 0, "dch_ob_county": false, "has_ob_services": false, "no_providers": false, "surgery_but_no_providers": false, "ob_but_no_physician": false}, "geometry": {"type": "Polygon", "coordinates": [[[-82.2328, 32.3188], [-82.0253, 32.2789], [-82.0039, 32.1847], [-82.0037, 32.1837], [-81.9798, 32.0814], [-81.9099, 32.0569], [-81.8891, 32.0504], [-81.7617, 32.0479], [-81.8134, 32.0162], [-81.8244, 32.0149], [-81.8546, 31.9883], [-81.8896, 31.9487], [-81.882, 31.9248], [-81.882, 31.9241], [-81.8925, 31.8953], [-81.9125, 31.8868], [-81.9219, 31.8523], [-81.9404, 31.8399], [-81.9564, 31.8087], [-81.9758, 31.8049], [-81.981, 31.7914], [-81.9691, 31.7893], [-81.9765, 31.7826], [-82.0068, 31.8], [-82.0146, 31.8218], [-82.0283, 31.8155], [-82.0486, 31.8271], [-82.1072, 31.8638], [-82.1166, 31.8643], [-82.1096, 31.8703], [-82.1149, 31.901], [-82.1174, 31.8866], [-82.1428, 31.8993], [-82.225, 31.9131], [-82.2086, 32.0406], [-82.1952, 32.1407], [-82.1913, 32.1445], [-82.1819, 32.1659], [-82.1919, 32.1943], [-82.2062, 32.2113], [-82.2098, 32.2393], [-82.2274, 32.2778], [-82.2328, 32.3188]]]}}, {"type": "Feature", "properties": {"county_fips": "13251", "county": "Screven", "population_2025": 14408, "births_2025": 174, "anesthesiologists": 0, "anesthesiologist_assistants": 0, "crnas": 1, "pediatric_anesthesiologists": 0, "total_providers": 1, "physician_anesthesiologists": 0, "providers_per_100k": 6.9, "physicians_per_100k": 0.0, "also_serves_providers": 15, "hospitals": 1, "surgical_hospitals": 0, "cms_ob_hospitals": 0, "critical_access_hospitals": 1, "rural_emergency_hospitals": 0, "dch_ob_county": false, "has_ob_services": false, "no_providers": false, "surgery_but_no_providers": false, "ob_but_no_physician": false}, "geometry": {"type": "Polygon", "coordinates": [[[-81.8679, 32.6812], [-81.8348, 32.7576], [-81.8039, 32.8277], [-81.7676, 32.9094], [-81.5425, 33.0453], [-81.5421, 33.0449], [-81.5401, 33.0406], [-81.5388, 33.0392], [-81.5196, 33.0292], [-81.5132, 33.0285], [-81.5112, 33.0278], [-81.502, 33.0151], [-81.4923, 33.0093], [-81.4914, 33.0081], [-81.4912, 32.9978], [-81.4915, 32.9954], [-81.4947, 32.979], [-81.4995, 32.9648], [-81.4998, 32.9638], [-81.5014, 32.9629], [-81.5033, 32.9629], [-81.5053, 32.963], [-81.5064, 32.9624], [-81.5071, 32.9613], [-81.5074, 32.9602], [-81.5077, 32.9592], [-81.5084, 32.9583], [-81.5085, 32.9572], [-81.5084, 32.9558], [-81.5081, 32.954], [-81.507, 32.9512], [-81.504, 32.9481], [-81.4994, 32.945], [-81.4996, 32.9437], [-81.5027, 32.9387], [-81.5024, 32.9354], [-81.4998, 32.9326], [-81.4951, 32.9316], [-81.4832, 32.9218], [-81.48, 32.9134], [-81.4792, 32.9056], [-81.469, 32.9011], [-81.4659, 32.8999], [-81.4641, 32.8978], [-81.4647, 32.896], [-81.4708, 32.8905], [-81.4717, 32.8904], [-81.4771, 32.8875], [-81.4794, 32.8811], [-81.4759, 32.8776], [-81.4704, 32.8763], [-81.468, 32.8767], [-81.4539, 32.8741], [-81.4529, 32.873], [-81.4525, 32.8717], [-81.4514, 32.8686], [-81.453, 32.8596], [-81.456, 32.8541], [-81.4539, 32.8498], [-81.4526, 32.8479], [-81.4512, 32.8479], [-81.4494, 32.8491], [-81.4449, 32.851], [-81.4436, 32.8506], [-81.4427, 32.8501], [-81.4265, 32.8408], [-81.4216, 32.8352], [-81.4206, 32.8312], [-81.418, 32.8182], [-81.4185, 32.8157], [-81.4198, 32.8137], [-81.4238, 32.8105], [-81.4249, 32.8019], [-81.4252, 32.7942], [-81.425, 32.7903], [-81.428, 32.7876], [-81.429, 32.7855], [-81.4286, 32.784], [-81.4283, 32.7831], [-81.4265, 32.7814], [-81.4242, 32.7802], [-81.4221, 32.7793], [-81.4211, 32.778], [-81.421, 32.7769], [-81.4211, 32.7759], [-81.4213, 32.7747], [-81.4227, 32.7732], [-81.4247, 32.7726], [-81.4256, 32.7718], [-81.4261, 32.7711], [-81.4265, 32.7703], [-81.4265, 32.769], [-81.4262, 32.7683], [-81.425, 32.7681], [-81.4224, 32.7671], [-81.4201, 32.7655], [-81.4176, 32.7627], [-81.4165, 32.7603], [-81.4152, 32.7578], [-81.4165, 32.7547], [-81.4168, 32.7523], [-81.4162, 32.7504], [-81.4154, 32.7489], [-81.4128, 32.7482], [-81.4114, 32.7473], [-81.4106, 32.7459], [-81.4103, 32.7447], [-81.4106, 32.7432], [-81.4108, 32.7417], [-81.4115, 32.7401], [-81.4127, 32.7391], [-81.4185, 32.7326], [-81.4205, 32.7202], [-81.4212, 32.712], [-81.4275, 32.7019], [-81.4267, 32.7009], [-81.4131, 32.6926], [-81.4116, 32.6931], [-81.4112, 32.694], [-81.4107, 32.6948], [-81.41, 32.6952], [-81.4093, 32.6953], [-81.4083, 32.6949], [-81.4013, 32.6802], [-81.4012, 32.6799], [-81.401, 32.6775], [-81.4043, 32.6678], [-81.4066, 32.6627], [-81.4066, 32.6625], [-81.4073, 32.6616], [-81.4072, 32.6605], [-81.4053, 32.6565], [-81.3983, 32.6563], [-81.3938, 32.6535], [-81.393, 32.6515], [-81.3946, 32.6496], [-81.4036, 32.6434], [-81.4051, 32.6427], [-81.4042, 32.6383], [-81.4027, 32.637], [-81.4028, 32.6362], [-81.4073, 32.6317], [-81.4093, 32.6311], [-81.4103, 32.6314], [-81.4115, 32.6329], [-81.4134, 32.6374], [-81.4148, 32.6374], [-81.417, 32.6361], [-81.4184, 32.6347], [-81.4187, 32.6294], [-81.4119, 32.6184], [-81.4047, 32.6112], [-81.3971, 32.6056], [-81.3939, 32.6023], [-81.3893, 32.5954], [-81.3893, 32.5954], [-81.5386, 32.5091], [-81.548, 32.4893], [-81.5785, 32.5125], [-81.5955, 32.5083], [-81.6393, 32.5325], [-81.6774, 32.5484], [-81.6893, 32.5462], [-81.7152, 32.5647], [-81.7542, 32.602], [-81.7681, 32.6066], [-81.784, 32.6152], [-81.8005, 32.6415], [-81.8338, 32.6534], [-81.841, 32.6491], [-81.8657, 32.6628], [-81.8679, 32.6812]]]}}, {"type": "Feature", "properties": {"county_fips": "13121", "county": "Fulton", "population_2025": 1098791, "births_2025": 12501, "anesthesiologists": 333, "anesthesiologist_assistants": 626, "crnas": 353, "pediatric_anesthesiologists": 9, "total_providers": 1321, "physician_anesthesiologists": 342, "providers_per_100k": 120.2, "physicians_per_100k": 31.1, "also_serves_providers": 91, "hospitals": 7, "surgical_hospitals": 7, "cms_ob_hospitals": 4, "critical_access_hospitals": 0, "rural_emergency_hospitals": 0, "dch_ob_county": true, "has_ob_services": true, "no_providers": false, "surgery_but_no_providers": false, "ob_but_no_physician": false}, "geometry": {"type": "Polygon", "coordinates": [[[-84.8507, 33.5115], [-84.8159, 33.5202], [-84.8323, 33.5453], [-84.8089, 33.5741], [-84.8057, 33.5864], [-84.7833, 33.6036], [-84.7631, 33.6142], [-84.7527, 33.6302], [-84.7418, 33.6238], [-84.7357, 33.6246], [-84.73, 33.6365], [-84.6771, 33.6554], [-84.6739, 33.6565], [-84.6614, 33.657], [-84.6527, 33.6836], [-84.6301, 33.6931], [-84.6326, 33.6993], [-84.6052, 33.7171], [-84.5854, 33.7305], [-84.5826, 33.7374], [-84.5779, 33.7437], [-84.5736, 33.7455], [-84.557, 33.7595], [-84.5396, 33.7698], [-84.5337, 33.7792], [-84.5314, 33.782], [-84.5079, 33.7955], [-84.4953, 33.8087], [-84.4892, 33.8132], [-84.4804, 33.8175], [-84.4697, 33.8271], [-84.4633, 33.8272], [-84.458, 33.8246], [-84.4562, 33.8259], [-84.4556, 33.8268], [-84.4605, 33.8421], [-84.4601, 33.8529], [-84.454, 33.8677], [-84.4476, 33.8752], [-84.4437, 33.8785], [-84.4412, 33.8907], [-84.4428, 33.9015], [-84.4467, 33.9122], [-84.4364, 33.923], [-84.4301, 33.9251], [-84.4172, 33.9325], [-84.4051, 33.9437], [-84.4011, 33.9478], [-84.3955, 33.9529], [-84.3834, 33.9633], [-84.3838, 33.9667], [-84.3776, 33.9736], [-84.375, 33.9873], [-84.3833, 33.9928], [-84.3865, 33.9926], [-84.3942, 34.0027], [-84.3943, 34.0028], [-84.4008, 34.0087], [-84.4, 34.0148], [-84.4012, 34.0259], [-84.4022, 34.0352], [-84.4191, 34.0552], [-84.419, 34.0614], [-84.4189, 34.0703], [-84.4189, 34.0735], [-84.4185, 34.0943], [-84.4186, 34.0966], [-84.4184, 34.109], [-84.3995, 34.1097], [-84.3883, 34.1182], [-84.3793, 34.1188], [-84.3627, 34.1235], [-84.3613, 34.137], [-84.3523, 34.1767], [-84.3371, 34.179], [-84.3285, 34.186], [-84.2997, 34.1862], [-84.2728, 34.1861], [-84.259, 34.1859], [-84.259, 34.1784], [-84.2589, 34.1549], [-84.2589, 34.1366], [-84.2589, 34.1272], [-84.2589, 34.1095], [-84.2541, 34.1043], [-84.2446, 34.1027], [-84.2354, 34.1013], [-84.2308, 34.0967], [-84.2138, 34.0991], [-84.2098, 34.0942], [-84.206, 34.0907], [-84.2058, 34.0906], [-84.1894, 34.0855], [-84.1783, 34.0704], [-84.1681, 34.068], [-84.1536, 34.0599], [-84.1436, 34.0554], [-84.1335, 34.0571], [-84.1155, 34.0511], [-84.0977, 34.0507], [-84.1075, 34.0451], [-84.1213, 34.0344], [-84.1411, 34.03], [-84.1571, 34.0324], [-84.1681, 34.0288], [-84.174, 34.0229], [-84.1798, 34.008], [-84.1807, 33.9994], [-84.1917, 33.9915], [-84.2045, 33.9902], [-84.2021, 33.9972], [-84.2125, 34.0038], [-84.2241, 34.0039], [-84.2325, 34.0021], [-84.2483, 33.9983], [-84.2547, 33.9861], [-84.2623, 33.9874], [-84.2628, 33.9737], [-84.2627, 33.9734], [-84.2581, 33.9682], [-84.2647, 33.9652], [-84.2712, 33.9598], [-84.2771, 33.9576], [-84.2823, 33.9562], [-84.2998, 33.9593], [-84.3025, 33.9601], [-84.3166, 33.966], [-84.3179, 33.9666], [-84.3373, 33.9709], [-84.3388, 33.9694], [-84.3464, 33.966], [-84.3474, 33.9681], [-84.3478, 33.9501], [-84.3478, 33.938], [-84.3479, 33.915], [-84.3482, 33.9027], [-84.3483, 33.8909], [-84.3481, 33.8821], [-84.3482, 33.8652], [-84.3483, 33.8621], [-84.3483, 33.8575], [-84.3483, 33.8542], [-84.3484, 33.8525], [-84.3485, 33.8397], [-84.3485, 33.8263], [-84.3485, 33.8254], [-84.3485, 33.8251], [-84.3486, 33.8092], [-84.3485, 33.8064], [-84.3482, 33.8046], [-84.3484, 33.7905], [-84.3487, 33.783], [-84.3487, 33.7797], [-84.3488, 33.7763], [-84.349, 33.7711], [-84.3492, 33.7655], [-84.3492, 33.7599], [-84.3492, 33.7597], [-84.3492, 33.7476], [-84.3494, 33.724], [-84.3494, 33.7222], [-84.3495, 33.7176], [-84.3495, 33.7093], [-84.3497, 33.6803], [-84.3501, 33.6479], [-84.3654, 33.6481], [-84.38, 33.6483], [-84.3974, 33.6483], [-84.4049, 33.6485], [-84.4458, 33.6488], [-84.4529, 33.6441], [-84.4577, 33.6489], [-84.4581, 33.6292], [-84.458, 33.6189], [-84.4581, 33.6162], [-84.4582, 33.5999], [-84.4582, 33.5944], [-84.4583, 33.5864], [-84.4589, 33.5654], [-84.4589, 33.5598], [-84.4587, 33.5509], [-84.4645, 33.5498], [-84.5237, 33.5365], [-84.5313, 33.5345], [-84.5569, 33.5284], [-84.576, 33.5234], [-84.5951, 33.5182], [-84.6068, 33.5097], [-84.6095, 33.5025], [-84.621, 33.5107], [-84.6318, 33.5111], [-84.6666, 33.5117], [-84.6707, 33.5111], [-84.6749, 33.511], [-84.6929, 33.5114], [-84.7305, 33.5108], [-84.837, 33.5114], [-84.8507, 33.5115]]]}}, {"type": "Feature", "properties": {"county_fips": "13319", "county": "Wilkinson", "population_2025": 8650, "births_2025": 108, "anesthesiologists": 0, "anesthesiologist_assistants": 0, "crnas": 0, "pediatric_anesthesiologists": 0, "total_providers": 0, "physician_anesthesiologists": 0, "providers_per_100k": 0.0, "physicians_per_100k": 0.0, "also_serves_providers": 0, "hospitals": 0, "surgical_hospitals": 0, "cms_ob_hospitals": 0, "critical_access_hospitals": 0, "rural_emergency_hospitals": 0, "dch_ob_county": false, "has_ob_services": false, "no_providers": true, "surgery_but_no_providers": false, "ob_but_no_physician": false}, "geometry": {"type": "Polygon", "coordinates": [[[-83.407, 32.8982], [-83.3577, 32.9261], [-83.2877, 32.9519], [-83.2761, 32.9421], [-83.2687, 32.9587], [-83.2357, 32.972], [-83.2062, 32.9836], [-83.1624, 32.9696], [-83.1795, 32.9874], [-83.1596, 33.0028], [-83.1332, 33.0071], [-83.1143, 32.973], [-83.0736, 32.9466], [-83.0679, 32.9422], [-83.0483, 32.9101], [-83.0486, 32.8878], [-83.0297, 32.8604], [-82.989, 32.8527], [-82.9874, 32.8469], [-82.9743, 32.8392], [-82.9544, 32.8018], [-82.9608, 32.7747], [-82.9554, 32.7565], [-82.947, 32.7594], [-82.9451, 32.7514], [-82.9571, 32.7083], [-83.156, 32.6186], [-83.2265, 32.5842], [-83.2515, 32.624], [-83.3, 32.7097], [-83.3346, 32.7706], [-83.3705, 32.8339], [-83.407, 32.8982]]]}}, {"type": "Feature", "properties": {"county_fips": "13017", "county": "Ben Hill", "population_2025": 17099, "births_2025": 211, "anesthesiologists": 0, "anesthesiologist_assistants": 0, "crnas": 0, "pediatric_anesthesiologists": 0, "total_providers": 0, "physician_anesthesiologists": 0, "providers_per_100k": 0.0, "physicians_per_100k": 0.0, "also_serves_providers": 0, "hospitals": 1, "surgical_hospitals": 1, "cms_ob_hospitals": 1, "critical_access_hospitals": 1, "rural_emergency_hospitals": 0, "dch_ob_county": false, "has_ob_services": false, "no_providers": true, "surgery_but_no_providers": true, "ob_but_no_physician": false}, "geometry": {"type": "Polygon", "coordinates": [[[-83.4802, 31.8473], [-83.3749, 31.8461], [-83.3565, 31.8465], [-83.2096, 31.8446], [-83.183, 31.852], [-83.1775, 31.8479], [-83.1718, 31.842], [-83.1346, 31.8241], [-83.1296, 31.8101], [-83.1013, 31.812], [-83.085, 31.8115], [-83.0528, 31.7892], [-83.0058, 31.7746], [-82.9957, 31.781], [-82.9984, 31.6732], [-83.1465, 31.6778], [-83.1765, 31.6785], [-83.1772, 31.6517], [-83.244, 31.6533], [-83.2664, 31.6542], [-83.2656, 31.6799], [-83.3137, 31.6804], [-83.3147, 31.6804], [-83.3256, 31.6806], [-83.3249, 31.7466], [-83.3397, 31.7696], [-83.3696, 31.7697], [-83.3703, 31.7571], [-83.4536, 31.7579], [-83.4592, 31.7943], [-83.4845, 31.8355], [-83.4802, 31.8473]]]}}, {"type": "Feature", "properties": {"county_fips": "13019", "county": "Berrien", "population_2025": 18932, "births_2025": 239, "anesthesiologists": 0, "anesthesiologist_assistants": 0, "crnas": 1, "pediatric_anesthesiologists": 0, "total_providers": 1, "physician_anesthesiologists": 0, "providers_per_100k": 5.3, "physicians_per_100k": 0.0, "also_serves_providers": 0, "hospitals": 1, "surgical_hospitals": 0, "cms_ob_hospitals": 0, "critical_access_hospitals": 0, "rural_emergency_hospitals": 0, "dch_ob_county": false, "has_ob_services": false, "no_providers": false, "surgery_but_no_providers": false, "ob_but_no_physician": false}, "geometry": {"type": "Polygon", "coordinates": [[[-83.4345, 31.3504], [-83.427, 31.3638], [-83.4153, 31.3632], [-83.3709, 31.4011], [-83.3695, 31.4651], [-83.3392, 31.4651], [-83.3387, 31.476], [-83.2842, 31.4756], [-83.1456, 31.4723], [-83.1511, 31.4616], [-83.1405, 31.4204], [-83.1415, 31.4039], [-83.1152, 31.3861], [-83.1109, 31.368], [-83.0596, 31.3299], [-83.0583, 31.3083], [-83.0335, 31.275], [-83.0452, 31.2203], [-83.0511, 31.2123], [-83.0469, 31.1837], [-83.0501, 31.1836], [-83.0395, 31.1568], [-83.0382, 31.1467], [-83.1651, 31.1472], [-83.165, 31.1273], [-83.1671, 31.0655], [-83.1979, 31.0622], [-83.198, 31.0254], [-83.2951, 31.0273], [-83.2798, 31.0634], [-83.3173, 31.0956], [-83.3219, 31.0977], [-83.3213, 31.1202], [-83.3048, 31.1479], [-83.3056, 31.1672], [-83.3223, 31.1772], [-83.3342, 31.1915], [-83.3332, 31.2393], [-83.3448, 31.2511], [-83.3857, 31.2585], [-83.4094, 31.2868], [-83.4332, 31.2989], [-83.4388, 31.3164], [-83.4345, 31.3504]]]}}, {"type": "Feature", "properties": {"county_fips": "13257", "county": "Stephens", "population_2025": 27854, "births_2025": 314, "anesthesiologists": 1, "anesthesiologist_assistants": 0, "crnas": 1, "pediatric_anesthesiologists": 0, "total_providers": 2, "physician_anesthesiologists": 1, "providers_per_100k": 7.2, "physicians_per_100k": 3.6, "also_serves_providers": 0, "hospitals": 1, "surgical_hospitals": 1, "cms_ob_hospitals": 1, "critical_access_hospitals": 0, "rural_emergency_hospitals": 0, "dch_ob_county": false, "has_ob_services": false, "no_providers": false, "surgery_but_no_providers": false, "ob_but_no_physician": false}, "geometry": {"type": "Polygon", "coordinates": [[[-83.422, 34.559], [-83.4147, 34.574], [-83.387, 34.631], [-83.365, 34.6753], [-83.3393, 34.6867], [-83.339, 34.6838], [-83.3387, 34.682], [-83.3362, 34.6805], [-83.3303, 34.6813], [-83.3253, 34.6795], [-83.3215, 34.6775], [-83.3194, 34.676], [-83.3185, 34.6748], [-83.3164, 34.6693], [-83.3144, 34.6689], [-83.3089, 34.6703], [-83.3046, 34.6696], [-83.3015, 34.6666], [-83.3008, 34.6625], [-83.2929, 34.6542], [-83.2866, 34.6509], [-83.2804, 34.6465], [-83.278, 34.6449], [-83.272, 34.6419], [-83.2623, 34.6403], [-83.2553, 34.6377], [-83.2483, 34.6317], [-83.2446, 34.6263], [-83.2407, 34.6245], [-83.2407, 34.6243], [-83.2434, 34.618], [-83.2389, 34.6154], [-83.2318, 34.6113], [-83.2271, 34.6107], [-83.2214, 34.6099], [-83.2116, 34.6109], [-83.1998, 34.6084], [-83.197, 34.606], [-83.1889, 34.6069], [-83.1794, 34.608], [-83.1734, 34.6072], [-83.1731, 34.607], [-83.17, 34.6054], [-83.1696, 34.6039], [-83.17, 34.602], [-83.171, 34.5988], [-83.1703, 34.5924], [-83.1683, 34.591], [-83.1546, 34.5882], [-83.1526, 34.5783], [-83.1399, 34.568], [-83.1382, 34.567], [-83.1297, 34.5617], [-83.1272, 34.562], [-83.1229, 34.5601], [-83.104, 34.5402], [-83.1036, 34.5366], [-83.1197, 34.5239], [-83.1604, 34.4914], [-83.1778, 34.477], [-83.2246, 34.4754], [-83.2527, 34.474], [-83.2705, 34.4735], [-83.3731, 34.4702], [-83.398, 34.461], [-83.4162, 34.4691], [-83.4584, 34.4839], [-83.422, 34.559]]]}}, {"type": "Feature", "properties": {"county_fips": "13273", "county": "Terrell", "population_2025": 8656, "births_2025": 111, "anesthesiologists": 0, "anesthesiologist_assistants": 0, "crnas": 0, "pediatric_anesthesiologists": 0, "total_providers": 0, "physician_anesthesiologists": 0, "providers_per_100k": 0.0, "physicians_per_100k": 0.0, "also_serves_providers": 0, "hospitals": 0, "surgical_hospitals": 0, "cms_ob_hospitals": 0, "critical_access_hospitals": 0, "rural_emergency_hospitals": 0, "dch_ob_county": false, "has_ob_services": false, "no_providers": true, "surgery_but_no_providers": false, "ob_but_no_physician": false}, "geometry": {"type": "Polygon", "coordinates": [[[-84.5998, 31.9202], [-84.4533, 31.9192], [-84.4452, 31.9261], [-84.4438, 31.9675], [-84.4404, 31.9596], [-84.3834, 31.9169], [-84.3576, 31.8852], [-84.3382, 31.8736], [-84.2931, 31.8649], [-84.2638, 31.8319], [-84.2583, 31.7912], [-84.2865, 31.7912], [-84.287, 31.7581], [-84.2937, 31.7498], [-84.2954, 31.6981], [-84.3052, 31.6911], [-84.2967, 31.6594], [-84.2978, 31.622], [-84.4504, 31.6219], [-84.4552, 31.6212], [-84.5469, 31.6212], [-84.5362, 31.6469], [-84.5381, 31.6749], [-84.5354, 31.6765], [-84.5469, 31.7124], [-84.5609, 31.7328], [-84.5703, 31.7569], [-84.5632, 31.7706], [-84.6031, 31.772], [-84.5998, 31.9202]]]}}, {"type": "Feature", "properties": {"county_fips": "13005", "county": "Bacon", "population_2025": 11070, "births_2025": 154, "anesthesiologists": 0, "anesthesiologist_assistants": 0, "crnas": 0, "pediatric_anesthesiologists": 0, "total_providers": 0, "physician_anesthesiologists": 0, "providers_per_100k": 0.0, "physicians_per_100k": 0.0, "also_serves_providers": 1, "hospitals": 1, "surgical_hospitals": 1, "cms_ob_hospitals": 1, "critical_access_hospitals": 1, "rural_emergency_hospitals": 0, "dch_ob_county": true, "has_ob_services": true, "no_providers": true, "surgery_but_no_providers": true, "ob_but_no_physician": true}, "geometry": {"type": "Polygon", "coordinates": [[[-82.6273, 31.6727], [-82.5595, 31.6726], [-82.5352, 31.6726], [-82.5214, 31.6725], [-82.5214, 31.7108], [-82.4958, 31.7102], [-82.4727, 31.6802], [-82.4378, 31.6614], [-82.4075, 31.6392], [-82.3892, 31.6378], [-82.3485, 31.6207], [-82.3181, 31.5943], [-82.2408, 31.5557], [-82.232, 31.5447], [-82.2266, 31.5307], [-82.2559, 31.5174], [-82.2697, 31.4926], [-82.3004, 31.4932], [-82.3006, 31.4678], [-82.33, 31.4571], [-82.3448, 31.4301], [-82.3568, 31.4302], [-82.4015, 31.4303], [-82.4018, 31.4173], [-82.4172, 31.4171], [-82.4815, 31.4175], [-82.4814, 31.4431], [-82.4937, 31.4429], [-82.4947, 31.4687], [-82.5975, 31.4693], [-82.5965, 31.532], [-82.5963, 31.5579], [-82.6282, 31.5659], [-82.6273, 31.6727]]]}}, {"type": "Feature", "properties": {"county_fips": "13163", "county": "Jefferson", "population_2025": 15011, "births_2025": 173, "anesthesiologists": 0, "anesthesiologist_assistants": 0, "crnas": 1, "pediatric_anesthesiologists": 0, "total_providers": 1, "physician_anesthesiologists": 0, "providers_per_100k": 6.7, "physicians_per_100k": 0.0, "also_serves_providers": 1, "hospitals": 1, "surgical_hospitals": 1, "cms_ob_hospitals": 0, "critical_access_hospitals": 0, "rural_emergency_hospitals": 0, "dch_ob_county": false, "has_ob_services": false, "no_providers": false, "surgery_but_no_providers": false, "ob_but_no_physician": false}, "geometry": {"type": "Polygon", "coordinates": [[[-82.6619, 33.1263], [-82.5905, 33.1238], [-82.5788, 33.1198], [-82.5763, 33.1584], [-82.5849, 33.1715], [-82.4744, 33.2475], [-82.432, 33.2748], [-82.3838, 33.3121], [-82.372, 33.3109], [-82.3535, 33.3123], [-82.3115, 33.2971], [-82.2968, 33.2773], [-82.2735, 33.2676], [-82.2676, 33.2674], [-82.2326, 33.2312], [-82.2723, 33.1372], [-82.2811, 33.1104], [-82.2912, 33.0628], [-82.2724, 32.9378], [-82.2915, 32.8885], [-82.3165, 32.8358], [-82.3204, 32.84], [-82.3548, 32.8273], [-82.3616, 32.8164], [-82.4186, 32.8113], [-82.3983, 32.7774], [-82.4341, 32.7623], [-82.4582, 32.7682], [-82.5022, 32.8009], [-82.5211, 32.8224], [-82.526, 32.8336], [-82.511, 32.9164], [-82.5394, 32.9478], [-82.5502, 33.0194], [-82.556, 33.0141], [-82.598, 33.032], [-82.6043, 33.0455], [-82.6179, 33.0511], [-82.6129, 33.0578], [-82.6416, 33.0844], [-82.6381, 33.1007], [-82.6458, 33.1011], [-82.6619, 33.1263], [-82.6619, 33.1263]]]}}, {"type": "Feature", "properties": {"county_fips": "13007", "county": "Baker", "population_2025": 2725, "births_2025": 25, "anesthesiologists": 0, "anesthesiologist_assistants": 0, "crnas": 0, "pediatric_anesthesiologists": 0, "total_providers": 0, "physician_anesthesiologists": 0, "providers_per_100k": 0.0, "physicians_per_100k": 0.0, "also_serves_providers": 0, "hospitals": 0, "surgical_hospitals": 0, "cms_ob_hospitals": 0, "critical_access_hospitals": 0, "rural_emergency_hospitals": 0, "dch_ob_county": false, "has_ob_services": false, "no_providers": true, "surgery_but_no_providers": false, "ob_but_no_physician": false}, "geometry": {"type": "Polygon", "coordinates": [[[-84.6381, 31.3321], [-84.6276, 31.3321], [-84.6383, 31.3417], [-84.6376, 31.4339], [-84.5353, 31.4317], [-84.5135, 31.4396], [-84.5138, 31.431], [-84.4908, 31.4279], [-84.4908, 31.4354], [-84.4686, 31.4388], [-84.4687, 31.4482], [-84.4479, 31.4547], [-84.436, 31.4416], [-84.4481, 31.4366], [-84.4299, 31.4367], [-84.2751, 31.4361], [-84.2116, 31.4359], [-84.2111, 31.4404], [-84.1411, 31.4402], [-84.1533, 31.4137], [-84.1771, 31.4106], [-84.1759, 31.398], [-84.1946, 31.3926], [-84.201, 31.3556], [-84.2263, 31.3515], [-84.2343, 31.3404], [-84.3131, 31.3223], [-84.3163, 31.3117], [-84.3382, 31.3068], [-84.3355, 31.2915], [-84.3597, 31.259], [-84.3666, 31.2398], [-84.394, 31.2297], [-84.409, 31.2101], [-84.4122, 31.1901], [-84.4202, 31.1976], [-84.4683, 31.1691], [-84.4788, 31.1486], [-84.5068, 31.1233], [-84.5081, 31.0784], [-84.509, 31.0784], [-84.5427, 31.079], [-84.5371, 31.2559], [-84.6417, 31.259], [-84.6381, 31.3321]]]}}, {"type": "Feature", "properties": {"county_fips": "13167", "county": "Johnson", "population_2025": 9310, "births_2025": 100, "anesthesiologists": 0, "anesthesiologist_assistants": 0, "crnas": 0, "pediatric_anesthesiologists": 0, "total_providers": 0, "physician_anesthesiologists": 0, "providers_per_100k": 0.0, "physicians_per_100k": 0.0, "also_serves_providers": 0, "hospitals": 0, "surgical_hospitals": 0, "cms_ob_hospitals": 0, "critical_access_hospitals": 0, "rural_emergency_hospitals": 0, "dch_ob_county": false, "has_ob_services": false, "no_providers": true, "surgery_but_no_providers": false, "ob_but_no_physician": false}, "geometry": {"type": "Polygon", "coordinates": [[[-82.9451, 32.7514], [-82.947, 32.7594], [-82.8025, 32.8098], [-82.7754, 32.7949], [-82.7686, 32.7691], [-82.7376, 32.7801], [-82.71, 32.7847], [-82.6808, 32.7968], [-82.667, 32.7829], [-82.6098, 32.7978], [-82.5744, 32.8157], [-82.5606, 32.8201], [-82.5211, 32.8224], [-82.5022, 32.8009], [-82.4582, 32.7682], [-82.4341, 32.7623], [-82.4522, 32.7297], [-82.4986, 32.6846], [-82.4903, 32.662], [-82.4639, 32.6472], [-82.4929, 32.634], [-82.4989, 32.6427], [-82.5177, 32.6337], [-82.512, 32.6252], [-82.5944, 32.5792], [-82.5898, 32.5561], [-82.5644, 32.5325], [-82.5853, 32.5252], [-82.5979, 32.5329], [-82.6026, 32.5095], [-82.603, 32.5215], [-82.6231, 32.5216], [-82.6477, 32.5125], [-82.6745, 32.5239], [-82.6726, 32.5513], [-82.6686, 32.6122], [-82.6868, 32.6191], [-82.7945, 32.6602], [-82.7858, 32.6867], [-82.8628, 32.7158], [-82.9571, 32.7083], [-82.9451, 32.7514]]]}}, {"type": "Feature", "properties": {"county_fips": "13051", "county": "Chatham", "population_2025": 311855, "births_2025": 3563, "anesthesiologists": 66, "anesthesiologist_assistants": 125, "crnas": 93, "pediatric_anesthesiologists": 0, "total_providers": 284, "physician_anesthesiologists": 66, "providers_per_100k": 91.1, "physicians_per_100k": 21.2, "also_serves_providers": 15, "hospitals": 3, "surgical_hospitals": 2, "cms_ob_hospitals": 2, "critical_access_hospitals": 0, "rural_emergency_hospitals": 0, "dch_ob_county": true, "has_ob_services": true, "no_providers": false, "surgery_but_no_providers": false, "ob_but_no_physician": false}, "geometry": {"type": "Polygon", "coordinates": [[[-81.3917, 32.0959], [-81.3686, 32.1126], [-81.3656, 32.1148], [-81.328, 32.1417], [-81.2847, 32.173], [-81.266, 32.1866], [-81.2535, 32.1955], [-81.229, 32.2133], [-81.2243, 32.2167], [-81.1954, 32.2375], [-81.1596, 32.2298], [-81.1465, 32.2269], [-81.1431, 32.2217], [-81.1367, 32.2137], [-81.136, 32.2129], [-81.1283, 32.2086], [-81.1231, 32.2013], [-81.1182, 32.1892], [-81.1179, 32.1853], [-81.1198, 32.1812], [-81.1204, 32.1787], [-81.1194, 32.1771], [-81.1194, 32.1754], [-81.1211, 32.1749], [-81.1245, 32.1721], [-81.1281, 32.1691], [-81.1294, 32.1669], [-81.1296, 32.1656], [-81.1284, 32.1644], [-81.1231, 32.1629], [-81.122, 32.1618], [-81.12, 32.1533], [-81.1183, 32.1444], [-81.1191, 32.1421], [-81.12, 32.1343], [-81.1195, 32.1311], [-81.1172, 32.1176], [-81.1133, 32.1132], [-81.1111, 32.112], [-81.1005, 32.1112], [-81.0934, 32.1112], [-81.0915, 32.1108], [-81.0909, 32.107], [-81.0882, 32.1039], [-81.0876, 32.1035], [-81.0835, 32.1008], [-81.0669, 32.0904], [-81.0604, 32.0875], [-81.0502, 32.0853], [-81.0383, 32.0845], [-81.0327, 32.0855], [-81.0216, 32.0909], [-81.0201, 32.0927], [-81.016, 32.0974], [-81.012, 32.1002], [-81.0067, 32.1012], [-81.0023, 32.1], [-80.9998, 32.099], [-80.9943, 32.0946], [-80.9917, 32.0912], [-80.9877, 32.0842], [-80.9831, 32.0796], [-80.9788, 32.0773], [-80.9594, 32.0713], [-80.9545, 32.0686], [-80.9432, 32.0578], [-80.9336, 32.0476], [-80.9268, 32.0417], [-80.9228, 32.0392], [-80.9178, 32.0376], [-80.8919, 32.0339], [-80.8846, 32.0277], [-80.8798, 32.0194], [-80.8798, 32.0194], [-80.8672, 32.0188], [-80.8523, 32.0267], [-80.8431, 32.0242], [-80.8407, 32.0123], [-80.8405, 32.0113], [-80.8419, 32.0026], [-80.8484, 31.9883], [-80.8499, 31.9864], [-80.8509, 31.985], [-80.8516, 31.9841], [-80.8628, 31.9693], [-80.8828, 31.9591], [-80.8977, 31.9491], [-80.9112, 31.9438], [-80.9291, 31.945], [-80.9303, 31.9567], [-80.9411, 31.957], [-80.9429, 31.9571], [-80.9485, 31.9572], [-80.9724, 31.9413], [-80.9738, 31.934], [-80.9747, 31.9288], [-80.9757, 31.9236], [-80.9685, 31.9158], [-80.9545, 31.9118], [-80.9414, 31.913], [-80.9345, 31.9092], [-80.9473, 31.8962], [-80.9714, 31.8779], [-80.9927, 31.8576], [-81.0003, 31.8567], [-81.0145, 31.8675], [-81.0415, 31.8762], [-81.0653, 31.8771], [-81.0612, 31.8653], [-81.0586, 31.8578], [-81.0591, 31.8501], [-81.0628, 31.8447], [-81.0762, 31.8361], [-81.0758, 31.829], [-81.0572, 31.8227], [-81.0509, 31.8224], [-81.0479, 31.8249], [-81.0398, 31.823], [-81.037, 31.8196], [-81.0369, 31.8127], [-81.0473, 31.8029], [-81.0681, 31.7687], [-81.0771, 31.7613], [-81.0974, 31.7531], [-81.1306, 31.7227], [-81.1384, 31.7209], [-81.1547, 31.7262], [-81.1595, 31.746], [-81.1731, 31.7639], [-81.1619, 31.7792], [-81.1633, 31.7877], [-81.1797, 31.7913], [-81.177, 31.8161], [-81.1597, 31.8236], [-81.1578, 31.8345], [-81.1385, 31.8559], [-81.1526, 31.8622], [-81.1612, 31.8876], [-81.1804, 31.9007], [-81.2087, 31.8885], [-81.2172, 31.8977], [-81.2022, 31.9024], [-81.1907, 31.915], [-81.1955, 31.922], [-81.2123, 31.9184], [-81.2413, 31.8894], [-81.2332, 31.908], [-81.2393, 31.9116], [-81.259, 31.9054], [-81.2631, 31.9271], [-81.2888, 31.9459], [-81.2878, 31.9542], [-81.2886, 31.9772], [-81.3073, 31.9811], [-81.3089, 31.9823], [-81.3044, 32.0007], [-81.3346, 32.0277], [-81.367, 32.0479], [-81.3847, 32.0795], [-81.3871, 32.0902], [-81.3917, 32.0959]]]}}, {"type": "Feature", "properties": {"county_fips": "13209", "county": "Montgomery", "population_2025": 8635, "births_2025": 99, "anesthesiologists": 0, "anesthesiologist_assistants": 0, "crnas": 0, "pediatric_anesthesiologists": 0, "total_providers": 0, "physician_anesthesiologists": 0, "providers_per_100k": 0.0, "physicians_per_100k": 0.0, "also_serves_providers": 0, "hospitals": 0, "surgical_hospitals": 0, "cms_ob_hospitals": 0, "critical_access_hospitals": 0, "rural_emergency_hospitals": 0, "dch_ob_county": false, "has_ob_services": false, "no_providers": true, "surgery_but_no_providers": false, "ob_but_no_physician": false}, "geometry": {"type": "Polygon", "coordinates": [[[-82.6493, 32.3111], [-82.4091, 32.3537], [-82.439, 32.2932], [-82.4396, 32.2737], [-82.4409, 32.226], [-82.4411, 32.218], [-82.446, 32.191], [-82.4537, 32.1483], [-82.4636, 32.0904], [-82.4831, 31.969], [-82.4995, 31.9606], [-82.4802, 31.955], [-82.4915, 31.9487], [-82.5171, 31.9579], [-82.5331, 31.9614], [-82.5437, 31.9589], [-82.5476, 31.9816], [-82.5977, 32.014], [-82.6075, 32.032], [-82.6021, 32.0465], [-82.6138, 32.0606], [-82.6106, 32.0752], [-82.623, 32.0823], [-82.6114, 32.0891], [-82.6236, 32.1137], [-82.6262, 32.1327], [-82.6136, 32.15], [-82.6129, 32.1615], [-82.6266, 32.17], [-82.6323, 32.1957], [-82.6253, 32.206], [-82.6324, 32.226], [-82.6486, 32.2445], [-82.6366, 32.2691], [-82.6515, 32.2867], [-82.6452, 32.2958], [-82.6555, 32.2976], [-82.6493, 32.3111]]]}}, {"type": "Feature", "properties": {"county_fips": "13225", "county": "Peach", "population_2025": 29877, "births_2025": 390, "anesthesiologists": 0, "anesthesiologist_assistants": 0, "crnas": 1, "pediatric_anesthesiologists": 0, "total_providers": 1, "physician_anesthesiologists": 0, "providers_per_100k": 3.3, "physicians_per_100k": 0.0, "also_serves_providers": 0, "hospitals": 1, "surgical_hospitals": 1, "cms_ob_hospitals": 0, "critical_access_hospitals": 1, "rural_emergency_hospitals": 0, "dch_ob_county": false, "has_ob_services": false, "no_providers": false, "surgery_but_no_providers": false, "ob_but_no_physician": false}, "geometry": {"type": "Polygon", "coordinates": [[[-84.0166, 32.5117], [-84.0085, 32.5218], [-84.0034, 32.5299], [-83.9733, 32.5505], [-83.9547, 32.563], [-83.9452, 32.5527], [-83.9454, 32.5696], [-83.871, 32.6211], [-83.8372, 32.6441], [-83.8076, 32.6644], [-83.7666, 32.6926], [-83.7382, 32.6922], [-83.7011, 32.6916], [-83.7089, 32.675], [-83.7091, 32.6594], [-83.7092, 32.6513], [-83.7278, 32.6514], [-83.7282, 32.6351], [-83.7186, 32.6314], [-83.7187, 32.6146], [-83.7141, 32.6046], [-83.7191, 32.5982], [-83.7201, 32.5804], [-83.7199, 32.5671], [-83.72, 32.5465], [-83.7199, 32.5326], [-83.7211, 32.5266], [-83.7231, 32.5211], [-83.7315, 32.5225], [-83.7439, 32.5319], [-83.7487, 32.5342], [-83.749, 32.5052], [-83.778, 32.5055], [-83.7977, 32.4848], [-83.7977, 32.447], [-83.8171, 32.4399], [-83.8278, 32.4576], [-83.8467, 32.4685], [-83.8721, 32.479], [-83.8771, 32.489], [-83.9228, 32.4974], [-83.9311, 32.4837], [-83.9234, 32.5114], [-83.9325, 32.5057], [-84.0181, 32.5064], [-84.0166, 32.5117]]]}}, {"type": "Feature", "properties": {"county_fips": "13213", "county": "Murray", "population_2025": 41607, "births_2025": 460, "anesthesiologists": 0, "anesthesiologist_assistants": 0, "crnas": 0, "pediatric_anesthesiologists": 0, "total_providers": 0, "physician_anesthesiologists": 0, "providers_per_100k": 0.0, "physicians_per_100k": 0.0, "also_serves_providers": 0, "hospitals": 1, "surgical_hospitals": 1, "cms_ob_hospitals": 0, "critical_access_hospitals": 0, "rural_emergency_hospitals": 0, "dch_ob_county": false, "has_ob_services": false, "no_providers": true, "surgery_but_no_providers": true, "ob_but_no_physician": false}, "geometry": {"type": "Polygon", "coordinates": [[[-84.9292, 34.7145], [-84.892, 34.7049], [-84.8829, 34.7147], [-84.864, 34.7086], [-84.8561, 34.7245], [-84.871, 34.7379], [-84.8575, 34.7366], [-84.8512, 34.7416], [-84.8728, 34.7831], [-84.8742, 34.7891], [-84.8628, 34.7843], [-84.8381, 34.8009], [-84.8609, 34.8095], [-84.8437, 34.8534], [-84.8424, 34.8613], [-84.8187, 34.877], [-84.8427, 34.9181], [-84.8352, 34.9428], [-84.8105, 34.9876], [-84.8092, 34.9876], [-84.8081, 34.9876], [-84.7759, 34.9878], [-84.731, 34.9881], [-84.7274, 34.988], [-84.6249, 34.988], [-84.6215, 34.9883], [-84.6228, 34.8571], [-84.6186, 34.8554], [-84.5822, 34.8246], [-84.6077, 34.7962], [-84.6273, 34.7847], [-84.6415, 34.7774], [-84.639, 34.7544], [-84.6571, 34.7289], [-84.6548, 34.6656], [-84.6545, 34.6079], [-84.6545, 34.5832], [-84.682, 34.5833], [-84.7016, 34.5907], [-84.7312, 34.5986], [-84.7144, 34.6051], [-84.7157, 34.6229], [-84.7402, 34.6241], [-84.7468, 34.6098], [-84.7666, 34.6155], [-84.7797, 34.6083], [-84.8638, 34.6086], [-84.8679, 34.6157], [-84.9082, 34.6158], [-84.9135, 34.6341], [-84.9297, 34.6759], [-84.9104, 34.6814], [-84.9018, 34.6656], [-84.8875, 34.6774], [-84.9337, 34.7068], [-84.9292, 34.7145]]]}}, {"type": "Feature", "properties": {"county_fips": "13223", "county": "Paulding", "population_2025": 190996, "births_2025": 1884, "anesthesiologists": 2, "anesthesiologist_assistants": 0, "crnas": 0, "pediatric_anesthesiologists": 0, "total_providers": 2, "physician_anesthesiologists": 2, "providers_per_100k": 1.0, "physicians_per_100k": 1.0, "also_serves_providers": 128, "hospitals": 1, "surgical_hospitals": 1, "cms_ob_hospitals": 0, "critical_access_hospitals": 0, "rural_emergency_hospitals": 0, "dch_ob_county": false, "has_ob_services": false, "no_providers": false, "surgery_but_no_providers": false, "ob_but_no_physician": false}, "geometry": {"type": "Polygon", "coordinates": [[[-85.0498, 33.9526], [-84.9787, 33.9514], [-84.9694, 33.9735], [-84.9629, 33.9895], [-84.9227, 34.0825], [-84.9144, 34.0753], [-84.8803, 34.0826], [-84.8394, 34.0825], [-84.7407, 34.0824], [-84.7378, 34.0793], [-84.7385, 34.0574], [-84.7388, 34.0347], [-84.7389, 34.03], [-84.739, 34.0028], [-84.7394, 33.9778], [-84.7396, 33.9478], [-84.7284, 33.9477], [-84.7234, 33.9349], [-84.7234, 33.9348], [-84.7234, 33.9171], [-84.7241, 33.9036], [-84.7244, 33.8817], [-84.7244, 33.8815], [-84.7249, 33.8275], [-84.725, 33.8201], [-84.7241, 33.8064], [-84.7241, 33.7914], [-84.731, 33.7886], [-84.7502, 33.7877], [-84.7504, 33.7877], [-84.7675, 33.7869], [-84.7864, 33.7843], [-84.7936, 33.7832], [-84.7999, 33.7799], [-84.8588, 33.7752], [-84.8792, 33.7748], [-84.8972, 33.7795], [-84.9017, 33.7807], [-84.9721, 33.7998], [-85.0379, 33.8119], [-85.0377, 33.829], [-85.0367, 33.9009], [-85.0503, 33.9045], [-85.0498, 33.9526]]]}}, {"type": "Feature", "properties": {"county_fips": "13117", "county": "Forsyth", "population_2025": 282805, "births_2025": 2382, "anesthesiologists": 2, "anesthesiologist_assistants": 7, "crnas": 11, "pediatric_anesthesiologists": 0, "total_providers": 20, "physician_anesthesiologists": 2, "providers_per_100k": 7.1, "physicians_per_100k": 0.7, "also_serves_providers": 1, "hospitals": 1, "surgical_hospitals": 1, "cms_ob_hospitals": 0, "critical_access_hospitals": 0, "rural_emergency_hospitals": 0, "dch_ob_county": true, "has_ob_services": true, "no_providers": false, "surgery_but_no_providers": false, "ob_but_no_physician": false}, "geometry": {"type": "Polygon", "coordinates": [[[-84.259, 34.1859], [-84.2589, 34.2074], [-84.2587, 34.2371], [-84.2586, 34.2881], [-84.2585, 34.295], [-84.2585, 34.2993], [-84.2581, 34.3352], [-84.1764, 34.3349], [-84.1149, 34.3346], [-84.0665, 34.3344], [-84.0441, 34.3343], [-84.0185, 34.3343], [-83.9571, 34.334], [-83.9455, 34.3288], [-83.9534, 34.3172], [-83.9498, 34.3123], [-83.9324, 34.2849], [-83.9256, 34.2864], [-83.9541, 34.2675], [-83.9505, 34.2616], [-83.9536, 34.2541], [-83.9498, 34.2398], [-83.9559, 34.2365], [-83.9716, 34.2283], [-83.9645, 34.2203], [-83.9849, 34.2001], [-84.011, 34.1911], [-84.0213, 34.1941], [-84.0487, 34.1912], [-84.0576, 34.1833], [-84.0622, 34.1685], [-84.0622, 34.1684], [-84.0765, 34.1578], [-84.0948, 34.1322], [-84.0934, 34.1261], [-84.0975, 34.1229], [-84.1019, 34.1046], [-84.1099, 34.0984], [-84.1138, 34.0852], [-84.1133, 34.0783], [-84.118, 34.0659], [-84.1008, 34.0534], [-84.0977, 34.0507], [-84.1155, 34.0511], [-84.1335, 34.0571], [-84.1436, 34.0554], [-84.1536, 34.0599], [-84.1681, 34.068], [-84.1783, 34.0704], [-84.1894, 34.0855], [-84.2058, 34.0906], [-84.206, 34.0907], [-84.2098, 34.0942], [-84.2138, 34.0991], [-84.2308, 34.0967], [-84.2354, 34.1013], [-84.2446, 34.1027], [-84.2541, 34.1043], [-84.2589, 34.1095], [-84.2589, 34.1272], [-84.2589, 34.1366], [-84.2589, 34.1549], [-84.259, 34.1784], [-84.259, 34.1859]]]}}, {"type": "Feature", "properties": {"county_fips": "13305", "county": "Wayne", "population_2025": 32481, "births_2025": 374, "anesthesiologists": 3, "anesthesiologist_assistants": 0, "crnas": 3, "pediatric_anesthesiologists": 0, "total_providers": 6, "physician_anesthesiologists": 3, "providers_per_100k": 18.5, "physicians_per_100k": 9.2, "also_serves_providers": 0, "hospitals": 1, "surgical_hospitals": 1, "cms_ob_hospitals": 1, "critical_access_hospitals": 0, "rural_emergency_hospitals": 0, "dch_ob_county": true, "has_ob_services": true, "no_providers": false, "surgery_but_no_providers": false, "ob_but_no_physician": false}, "geometry": {"type": "Polygon", "coordinates": [[[-82.1329, 31.5693], [-82.1335, 31.6308], [-82.133, 31.7734], [-82.0894, 31.7729], [-82.0893, 31.7859], [-82.107, 31.7861], [-82.1066, 31.7975], [-82.0872, 31.7995], [-82.0872, 31.821], [-82.0771, 31.8291], [-82.0486, 31.8271], [-82.0283, 31.8155], [-82.0146, 31.8218], [-82.0068, 31.8], [-81.9765, 31.7826], [-81.9691, 31.7893], [-81.9515, 31.7859], [-81.9445, 31.7611], [-81.9121, 31.7542], [-81.905, 31.7243], [-81.8744, 31.7102], [-81.8744, 31.7042], [-81.8671, 31.6911], [-81.8488, 31.6785], [-81.8506, 31.6677], [-81.8384, 31.6669], [-81.8309, 31.6573], [-81.8141, 31.6523], [-81.8136, 31.6645], [-81.7875, 31.6432], [-81.7906, 31.6339], [-81.7715, 31.628], [-81.768, 31.6141], [-81.7559, 31.6154], [-81.7248, 31.5994], [-81.7177, 31.5891], [-81.7018, 31.5849], [-81.6964, 31.5533], [-81.6632, 31.5387], [-81.6523, 31.5286], [-81.6582, 31.5101], [-81.6121, 31.4694], [-81.6243, 31.453], [-81.626, 31.453], [-81.6618, 31.4043], [-81.692, 31.4005], [-81.7048, 31.3749], [-81.6981, 31.3679], [-81.7252, 31.3272], [-81.7317, 31.33], [-81.8011, 31.3637], [-81.8452, 31.3547], [-81.9101, 31.3472], [-81.9232, 31.3459], [-81.9517, 31.3511], [-82.0311, 31.3662], [-82.0411, 31.3737], [-82.0575, 31.4091], [-82.0528, 31.4546], [-82.0634, 31.4664], [-82.0905, 31.48], [-82.1328, 31.4713], [-82.1329, 31.5575], [-82.1479, 31.5691], [-82.1329, 31.5693]]]}}, {"type": "Feature", "properties": {"county_fips": "13159", "county": "Jasper", "population_2025": 17632, "births_2025": 188, "anesthesiologists": 0, "anesthesiologist_assistants": 0, "crnas": 0, "pediatric_anesthesiologists": 0, "total_providers": 0, "physician_anesthesiologists": 0, "providers_per_100k": 0.0, "physicians_per_100k": 0.0, "also_serves_providers": 0, "hospitals": 1, "surgical_hospitals": 0, "cms_ob_hospitals": 0, "critical_access_hospitals": 1, "rural_emergency_hospitals": 0, "dch_ob_county": false, "has_ob_services": false, "no_providers": true, "surgery_but_no_providers": false, "ob_but_no_physician": false}, "geometry": {"type": "Polygon", "coordinates": [[[-83.8631, 33.3683], [-83.8539, 33.3672], [-83.8315, 33.3929], [-83.8452, 33.4147], [-83.8234, 33.438], [-83.8122, 33.4347], [-83.7713, 33.4525], [-83.7421, 33.4765], [-83.7047, 33.4885], [-83.6746, 33.4872], [-83.6875, 33.5122], [-83.6822, 33.5262], [-83.6534, 33.5079], [-83.5337, 33.4345], [-83.5393, 33.3533], [-83.5399, 33.3122], [-83.5416, 33.2878], [-83.5459, 33.1719], [-83.816, 33.1318], [-83.8139, 33.1476], [-83.8229, 33.1579], [-83.8223, 33.1802], [-83.8073, 33.1924], [-83.8257, 33.2103], [-83.8141, 33.2421], [-83.8246, 33.2636], [-83.8274, 33.292], [-83.8428, 33.3184], [-83.8404, 33.3289], [-83.863, 33.3435], [-83.8571, 33.3538], [-83.8631, 33.3683]]]}}, {"type": "Feature", "properties": {"county_fips": "13299", "county": "Ware", "population_2025": 36906, "births_2025": 470, "anesthesiologists": 3, "anesthesiologist_assistants": 3, "crnas": 9, "pediatric_anesthesiologists": 0, "total_providers": 15, "physician_anesthesiologists": 3, "providers_per_100k": 40.6, "physicians_per_100k": 8.1, "also_serves_providers": 4, "hospitals": 1, "surgical_hospitals": 1, "cms_ob_hospitals": 1, "critical_access_hospitals": 0, "rural_emergency_hospitals": 0, "dch_ob_county": true, "has_ob_services": true, "no_providers": false, "surgery_but_no_providers": false, "ob_but_no_physician": false}, "geometry": {"type": "Polygon", "coordinates": [[[-82.6992, 31.2781], [-82.6636, 31.2879], [-82.6296, 31.2747], [-82.629, 31.3639], [-82.6282, 31.4693], [-82.5975, 31.4693], [-82.4947, 31.4687], [-82.4937, 31.4429], [-82.4814, 31.4431], [-82.4815, 31.4175], [-82.4172, 31.4171], [-82.4026, 31.4048], [-82.4026, 31.365], [-82.3895, 31.3649], [-82.3872, 31.2971], [-82.3855, 31.2947], [-82.3672, 31.2853], [-82.3579, 31.264], [-82.3327, 31.2414], [-82.3229, 31.2385], [-82.3225, 31.2382], [-82.315, 31.226], [-82.2846, 31.2244], [-82.2843, 31.1927], [-82.2518, 31.1827], [-82.2341, 31.1704], [-82.2087, 31.1709], [-82.2083, 31.0848], [-82.1636, 31.0486], [-82.1317, 31.0107], [-82.3425, 31.0134], [-82.4156, 31.0136], [-82.4153, 30.9468], [-82.4204, 30.7952], [-82.1782, 30.791], [-82.1584, 30.7863], [-82.1499, 30.7843], [-82.2148, 30.5685], [-82.2149, 30.5686], [-82.2499, 30.5709], [-82.2581, 30.5716], [-82.2874, 30.5735], [-82.3749, 30.579], [-82.4189, 30.5817], [-82.4188, 30.6131], [-82.4309, 30.6128], [-82.4289, 30.6903], [-82.4351, 30.7166], [-82.42, 30.7166], [-82.4201, 30.7292], [-82.4352, 30.7291], [-82.4359, 30.8201], [-82.4955, 30.8196], [-82.4922, 30.8326], [-82.4906, 30.9632], [-82.5201, 30.9631], [-82.5343, 30.9807], [-82.5503, 31.0004], [-82.5921, 31.0185], [-82.6666, 31.1733], [-82.6717, 31.1837], [-82.6908, 31.2234], [-82.701, 31.2232], [-82.6992, 31.2781]]]}}, {"type": "Feature", "properties": {"county_fips": "13155", "county": "Irwin", "population_2025": 9020, "births_2025": 85, "anesthesiologists": 0, "anesthesiologist_assistants": 0, "crnas": 2, "pediatric_anesthesiologists": 0, "total_providers": 2, "physician_anesthesiologists": 0, "providers_per_100k": 22.2, "physicians_per_100k": 0.0, "also_serves_providers": 0, "hospitals": 1, "surgical_hospitals": 0, "cms_ob_hospitals": 0, "critical_access_hospitals": 0, "rural_emergency_hospitals": 1, "dch_ob_county": false, "has_ob_services": false, "no_providers": false, "surgery_but_no_providers": false, "ob_but_no_physician": false}, "geometry": {"type": "Polygon", "coordinates": [[[-83.5007, 31.594], [-83.4916, 31.6194], [-83.4907, 31.6961], [-83.4606, 31.6954], [-83.453, 31.7082], [-83.4666, 31.7418], [-83.4536, 31.7579], [-83.3703, 31.7571], [-83.3696, 31.7697], [-83.3397, 31.7696], [-83.3249, 31.7466], [-83.3256, 31.6806], [-83.3147, 31.6804], [-83.3137, 31.6804], [-83.2656, 31.6799], [-83.2664, 31.6542], [-83.244, 31.6533], [-83.1772, 31.6517], [-83.1765, 31.6785], [-83.1465, 31.6778], [-82.9984, 31.6732], [-82.9988, 31.6605], [-83.0136, 31.653], [-83.0141, 31.6358], [-83.0294, 31.6362], [-83.0302, 31.6237], [-83.0444, 31.6242], [-83.0448, 31.6108], [-83.0588, 31.6112], [-83.06, 31.5655], [-83.0835, 31.5161], [-83.0967, 31.5062], [-83.1117, 31.4782], [-83.1456, 31.4723], [-83.2842, 31.4756], [-83.3387, 31.476], [-83.3768, 31.4822], [-83.3988, 31.5328], [-83.4207, 31.5536], [-83.4372, 31.5544], [-83.4709, 31.556], [-83.4708, 31.5694], [-83.501, 31.5701], [-83.5007, 31.594]]]}}, {"type": "Feature", "properties": {"county_fips": "13181", "county": "Lincoln", "population_2025": 8112, "births_2025": 78, "anesthesiologists": 0, "anesthesiologist_assistants": 0, "crnas": 0, "pediatric_anesthesiologists": 0, "total_providers": 0, "physician_anesthesiologists": 0, "providers_per_100k": 0.0, "physicians_per_100k": 0.0, "also_serves_providers": 0, "hospitals": 0, "surgical_hospitals": 0, "cms_ob_hospitals": 0, "critical_access_hospitals": 0, "rural_emergency_hospitals": 0, "dch_ob_county": false, "has_ob_services": false, "no_providers": true, "surgery_but_no_providers": false, "ob_but_no_physician": false}, "geometry": {"type": "Polygon", "coordinates": [[[-82.6397, 33.973], [-82.625, 33.9823], [-82.6028, 33.9798], [-82.5645, 33.9557], [-82.5568, 33.9454], [-82.5545, 33.9438], [-82.5431, 33.9409], [-82.5398, 33.9416], [-82.5341, 33.9437], [-82.5267, 33.9438], [-82.5245, 33.9434], [-82.513, 33.937], [-82.5076, 33.9315], [-82.5036, 33.926], [-82.4961, 33.9135], [-82.4929, 33.9098], [-82.4801, 33.9019], [-82.4699, 33.8928], [-82.4594, 33.8864], [-82.4551, 33.8817], [-82.4481, 33.8775], [-82.4405, 33.8751], [-82.4386, 33.8739], [-82.4312, 33.8671], [-82.4292, 33.8658], [-82.4228, 33.8638], [-82.4179, 33.8642], [-82.4143, 33.8653], [-82.4084, 33.8663], [-82.4039, 33.8655], [-82.4005, 33.8633], [-82.3957, 33.8591], [-82.3905, 33.8572], [-82.385, 33.8544], [-82.3798, 33.8511], [-82.3743, 33.8456], [-82.3718, 33.8438], [-82.3691, 33.8424], [-82.3582, 33.8386], [-82.3563, 33.838], [-82.3519, 33.8364], [-82.3469, 33.8343], [-82.3378, 33.8272], [-82.3245, 33.82], [-82.3163, 33.8129], [-82.3147, 33.8115], [-82.3133, 33.8092], [-82.309, 33.8059], [-82.3029, 33.8029], [-82.3002, 33.8006], [-82.2993, 33.7989], [-82.2989, 33.7958], [-82.2996, 33.7865], [-82.2994, 33.785], [-82.2983, 33.7835], [-82.295, 33.7819], [-82.2925, 33.7824], [-82.2898, 33.782], [-82.2858, 33.7801], [-82.2811, 33.7761], [-82.2777, 33.772], [-82.2704, 33.7679], [-82.2677, 33.7677], [-82.2661, 33.7667], [-82.265, 33.7657], [-82.2644, 33.7635], [-82.2632, 33.762], [-82.2595, 33.7602], [-82.258, 33.7604], [-82.2553, 33.7597], [-82.2475, 33.7526], [-82.2462, 33.7463], [-82.2404, 33.7349], [-82.2391, 33.7309], [-82.2358, 33.7144], [-82.2372, 33.7079], [-82.2346, 33.7002], [-82.2227, 33.6891], [-82.2186, 33.6863], [-82.2407, 33.6933], [-82.2761, 33.6845], [-82.3082, 33.7004], [-82.329, 33.6977], [-82.3515, 33.6829], [-82.3727, 33.6754], [-82.4003, 33.6712], [-82.4129, 33.665], [-82.4135, 33.6546], [-82.4253, 33.6506], [-82.4309, 33.6551], [-82.4582, 33.6375], [-82.4795, 33.6395], [-82.5443, 33.7407], [-82.5737, 33.7861], [-82.5946, 33.8284], [-82.5719, 33.8655], [-82.5777, 33.8747], [-82.6057, 33.8599], [-82.6455, 33.9842], [-82.6397, 33.973]]]}}, {"type": "Feature", "properties": {"county_fips": "13207", "county": "Monroe", "population_2025": 32023, "births_2025": 277, "anesthesiologists": 0, "anesthesiologist_assistants": 0, "crnas": 4, "pediatric_anesthesiologists": 0, "total_providers": 4, "physician_anesthesiologists": 0, "providers_per_100k": 12.5, "physicians_per_100k": 0.0, "also_serves_providers": 2, "hospitals": 1, "surgical_hospitals": 1, "cms_ob_hospitals": 0, "critical_access_hospitals": 1, "rural_emergency_hospitals": 0, "dch_ob_county": false, "has_ob_services": false, "no_providers": false, "surgery_but_no_providers": false, "ob_but_no_physician": false}, "geometry": {"type": "Polygon", "coordinates": [[[-84.1233, 32.9322], [-84.0542, 32.9315], [-84.0441, 32.9479], [-84.0429, 33.0239], [-84.0414, 33.1296], [-84.0409, 33.1673], [-84.0415, 33.2026], [-83.9807, 33.2023], [-83.9284, 33.2019], [-83.877, 33.2024], [-83.843, 33.1969], [-83.8223, 33.1802], [-83.8229, 33.1579], [-83.8139, 33.1476], [-83.816, 33.1318], [-83.7739, 33.0794], [-83.747, 33.0634], [-83.7212, 33.0234], [-83.7268, 33.0166], [-83.7224, 32.9757], [-83.7059, 32.9623], [-83.7107, 32.9528], [-83.7341, 32.9524], [-83.7259, 32.9449], [-83.7766, 32.9151], [-83.7769, 32.9149], [-83.7912, 32.9066], [-83.8178, 32.8913], [-83.8638, 32.8647], [-83.8728, 32.8595], [-83.8919, 32.8484], [-83.9684, 32.8489], [-83.9683, 32.8571], [-83.9784, 32.8489], [-84.1243, 32.8496], [-84.1233, 32.9322]]]}}, {"type": "Feature", "properties": {"county_fips": "13103", "county": "Effingham", "population_2025": 74397, "births_2025": 816, "anesthesiologists": 0, "anesthesiologist_assistants": 2, "crnas": 0, "pediatric_anesthesiologists": 0, "total_providers": 2, "physician_anesthesiologists": 0, "providers_per_100k": 2.7, "physicians_per_100k": 0.0, "also_serves_providers": 3, "hospitals": 1, "surgical_hospitals": 1, "cms_ob_hospitals": 0, "critical_access_hospitals": 1, "rural_emergency_hospitals": 0, "dch_ob_county": false, "has_ob_services": false, "no_providers": false, "surgery_but_no_providers": false, "ob_but_no_physician": false}, "geometry": {"type": "Polygon", "coordinates": [[[-81.5386, 32.5091], [-81.3893, 32.5954], [-81.381, 32.5897], [-81.3792, 32.589], [-81.3762, 32.5892], [-81.3732, 32.5921], [-81.3716, 32.592], [-81.3698, 32.5912], [-81.369, 32.59], [-81.3684, 32.5842], [-81.367, 32.5771], [-81.3288, 32.5612], [-81.3206, 32.5595], [-81.309, 32.561], [-81.3006, 32.5628], [-81.298, 32.563], [-81.2968, 32.5626], [-81.2813, 32.5565], [-81.2813, 32.5564], [-81.2792, 32.5546], [-81.2752, 32.5452], [-81.2749, 32.5442], [-81.2748, 32.5411], [-81.2762, 32.5386], [-81.2771, 32.5354], [-81.2626, 32.5252], [-81.2529, 32.5183], [-81.2498, 32.5175], [-81.2479, 32.5182], [-81.245, 32.5183], [-81.2371, 32.5173], [-81.2347, 32.5163], [-81.234, 32.5138], [-81.2348, 32.5123], [-81.2367, 32.5114], [-81.2384, 32.5102], [-81.2387, 32.5089], [-81.2383, 32.506], [-81.2336, 32.4985], [-81.2275, 32.4939], [-81.2124, 32.4787], [-81.2, 32.468], [-81.1948, 32.4651], [-81.1924, 32.4648], [-81.1892, 32.4656], [-81.1881, 32.4654], [-81.1868, 32.4641], [-81.1873, 32.4629], [-81.1926, 32.4563], [-81.1975, 32.4521], [-81.2009, 32.4516], [-81.2024, 32.4504], [-81.203, 32.4488], [-81.203, 32.4472], [-81.2022, 32.4455], [-81.2011, 32.444], [-81.2011, 32.443], [-81.2016, 32.4414], [-81.2026, 32.4398], [-81.2045, 32.4387], [-81.2072, 32.4375], [-81.2084, 32.436], [-81.2051, 32.4238], [-81.1949, 32.4115], [-81.1897, 32.4073], [-81.1809, 32.3965], [-81.1772, 32.3917], [-81.1781, 32.3846], [-81.1811, 32.3804], [-81.1803, 32.3796], [-81.1734, 32.3726], [-81.1693, 32.3694], [-81.1687, 32.3675], [-81.1693, 32.3656], [-81.1706, 32.3638], [-81.1709, 32.3627], [-81.1701, 32.3613], [-81.1617, 32.3561], [-81.155, 32.3501], [-81.155, 32.3488], [-81.1551, 32.3472], [-81.1548, 32.3464], [-81.1544, 32.3461], [-81.154, 32.3459], [-81.1533, 32.3458], [-81.1521, 32.3458], [-81.1506, 32.3459], [-81.1491, 32.3467], [-81.1485, 32.3475], [-81.1476, 32.3494], [-81.144, 32.3511], [-81.1439, 32.3511], [-81.1425, 32.3509], [-81.1409, 32.3494], [-81.1336, 32.3413], [-81.133, 32.3348], [-81.137, 32.33], [-81.1376, 32.3282], [-81.1357, 32.3246], [-81.1254, 32.3093], [-81.1239, 32.3087], [-81.1229, 32.3073], [-81.1223, 32.3054], [-81.1198, 32.2896], [-81.1196, 32.2876], [-81.1214, 32.2845], [-81.128, 32.2763], [-81.1308, 32.2746], [-81.1365, 32.2727], [-81.1458, 32.2634], [-81.1483, 32.2551], [-81.1556, 32.246], [-81.1566, 32.2439], [-81.156, 32.2415], [-81.1535, 32.2377], [-81.1485, 32.23], [-81.1465, 32.2269], [-81.1596, 32.2298], [-81.1954, 32.2375], [-81.2243, 32.2167], [-81.229, 32.2133], [-81.2535, 32.1955], [-81.266, 32.1866], [-81.2847, 32.173], [-81.328, 32.1417], [-81.3656, 32.1148], [-81.3686, 32.1126], [-81.3917, 32.0959], [-81.4068, 32.1019], [-81.4022, 32.1445], [-81.4137, 32.1602], [-81.4186, 32.1966], [-81.4136, 32.208], [-81.4292, 32.2166], [-81.4358, 32.2413], [-81.4331, 32.2447], [-81.4503, 32.2974], [-81.4655, 32.3286], [-81.4878, 32.3339], [-81.4909, 32.3517], [-81.5076, 32.3578], [-81.5085, 32.3706], [-81.5204, 32.3809], [-81.522, 32.3792], [-81.5424, 32.4172], [-81.5314, 32.4389], [-81.536, 32.4814], [-81.548, 32.4893], [-81.5386, 32.5091]]]}}, {"type": "Feature", "properties": {"county_fips": "13031", "county": "Bulloch", "population_2025": 86949, "births_2025": 892, "anesthesiologists": 2, "anesthesiologist_assistants": 0, "crnas": 15, "pediatric_anesthesiologists": 0, "total_providers": 17, "physician_anesthesiologists": 2, "providers_per_100k": 19.6, "physicians_per_100k": 2.3, "also_serves_providers": 1, "hospitals": 1, "surgical_hospitals": 1, "cms_ob_hospitals": 1, "critical_access_hospitals": 0, "rural_emergency_hospitals": 0, "dch_ob_county": true, "has_ob_services": true, "no_providers": false, "surgery_but_no_providers": false, "ob_but_no_physician": false}, "geometry": {"type": "Polygon", "coordinates": [[[-82.0268, 32.5552], [-82.0012, 32.6069], [-81.841, 32.6491], [-81.8338, 32.6534], [-81.8005, 32.6415], [-81.784, 32.6152], [-81.7681, 32.6066], [-81.7542, 32.602], [-81.7152, 32.5647], [-81.6893, 32.5462], [-81.6774, 32.5484], [-81.6393, 32.5325], [-81.5955, 32.5083], [-81.5785, 32.5125], [-81.548, 32.4893], [-81.536, 32.4814], [-81.5314, 32.4389], [-81.5424, 32.4172], [-81.522, 32.3792], [-81.5204, 32.3809], [-81.5085, 32.3706], [-81.5076, 32.3578], [-81.4909, 32.3517], [-81.4878, 32.3339], [-81.4655, 32.3286], [-81.4503, 32.2974], [-81.4331, 32.2447], [-81.4358, 32.2413], [-81.5194, 32.2187], [-81.5639, 32.2066], [-81.6248, 32.1897], [-81.7809, 32.1529], [-81.7785, 32.1623], [-81.8047, 32.22], [-81.8163, 32.2375], [-81.8417, 32.2409], [-81.8574, 32.2574], [-81.8927, 32.2748], [-81.9532, 32.2668], [-81.9691, 32.2688], [-81.9569, 32.2862], [-81.9187, 32.4154], [-81.9349, 32.4214], [-81.9561, 32.4495], [-81.9741, 32.47], [-81.9746, 32.4878], [-81.971, 32.5132], [-82.0302, 32.5388], [-82.0268, 32.5552]]]}}, {"type": "Feature", "properties": {"county_fips": "13293", "county": "Upson", "population_2025": 28500, "births_2025": 336, "anesthesiologists": 2, "anesthesiologist_assistants": 0, "crnas": 0, "pediatric_anesthesiologists": 0, "total_providers": 2, "physician_anesthesiologists": 2, "providers_per_100k": 7.0, "physicians_per_100k": 7.0, "also_serves_providers": 0, "hospitals": 1, "surgical_hospitals": 1, "cms_ob_hospitals": 1, "critical_access_hospitals": 0, "rural_emergency_hospitals": 0, "dch_ob_county": true, "has_ob_services": true, "no_providers": false, "surgery_but_no_providers": false, "ob_but_no_physician": false}, "geometry": {"type": "Polygon", "coordinates": [[[-84.527, 32.9705], [-84.5057, 32.9726], [-84.49, 32.9935], [-84.4156, 32.9927], [-84.4016, 32.9926], [-84.2987, 32.9915], [-84.2929, 32.9995], [-84.2891, 32.9913], [-84.2701, 32.991], [-84.2015, 32.9905], [-84.1224, 32.9896], [-84.1233, 32.9322], [-84.1243, 32.8496], [-84.1242, 32.8321], [-84.1243, 32.8009], [-84.1493, 32.8012], [-84.2026, 32.69], [-84.2203, 32.7209], [-84.2365, 32.7218], [-84.2358, 32.7383], [-84.2564, 32.7227], [-84.2627, 32.7393], [-84.2862, 32.7476], [-84.3028, 32.7614], [-84.3163, 32.7556], [-84.3386, 32.7614], [-84.3503, 32.7824], [-84.3556, 32.7736], [-84.391, 32.787], [-84.4029, 32.8127], [-84.4149, 32.8345], [-84.4342, 32.8381], [-84.4427, 32.8252], [-84.4566, 32.8287], [-84.4673, 32.853], [-84.4892, 32.8623], [-84.4755, 32.8763], [-84.5069, 32.8818], [-84.5082, 32.9034], [-84.5266, 32.9135], [-84.5188, 32.9483], [-84.5244, 32.9605], [-84.532, 32.9607], [-84.527, 32.9705]]]}}, {"type": "Feature", "properties": {"county_fips": "13307", "county": "Webster", "population_2025": 2369, "births_2025": 32, "anesthesiologists": 0, "anesthesiologist_assistants": 0, "crnas": 0, "pediatric_anesthesiologists": 0, "total_providers": 0, "physician_anesthesiologists": 0, "providers_per_100k": 0.0, "physicians_per_100k": 0.0, "also_serves_providers": 0, "hospitals": 0, "surgical_hospitals": 0, "cms_ob_hospitals": 0, "critical_access_hospitals": 0, "rural_emergency_hospitals": 0, "dch_ob_county": false, "has_ob_services": false, "no_providers": true, "surgery_but_no_providers": false, "ob_but_no_physician": false}, "geometry": {"type": "Polygon", "coordinates": [[[-84.655, 31.9615], [-84.6454, 31.9615], [-84.6448, 31.9843], [-84.6552, 31.9844], [-84.6541, 32.0285], [-84.6444, 32.0289], [-84.6433, 32.0946], [-84.6403, 32.2253], [-84.6493, 32.233], [-84.6206, 32.2331], [-84.6007, 32.2102], [-84.5997, 32.1924], [-84.5642, 32.1922], [-84.5647, 32.1751], [-84.5457, 32.1752], [-84.5461, 32.1591], [-84.5274, 32.1512], [-84.5271, 32.1346], [-84.4312, 32.1341], [-84.433, 32.042], [-84.4438, 31.9676], [-84.4438, 31.9675], [-84.4452, 31.9261], [-84.4533, 31.9192], [-84.5998, 31.9202], [-84.6558, 31.9203], [-84.655, 31.9615]]]}}, {"type": "Feature", "properties": {"county_fips": "13133", "county": "Greene", "population_2025": 21367, "births_2025": 157, "anesthesiologists": 1, "anesthesiologist_assistants": 0, "crnas": 1, "pediatric_anesthesiologists": 0, "total_providers": 2, "physician_anesthesiologists": 1, "providers_per_100k": 9.4, "physicians_per_100k": 4.7, "also_serves_providers": 0, "hospitals": 1, "surgical_hospitals": 1, "cms_ob_hospitals": 0, "critical_access_hospitals": 1, "rural_emergency_hospitals": 0, "dch_ob_county": false, "has_ob_services": false, "no_providers": false, "surgery_but_no_providers": false, "ob_but_no_physician": false}, "geometry": {"type": "Polygon", "coordinates": [[[-83.4062, 33.6983], [-83.2914, 33.7343], [-83.2974, 33.7391], [-83.2803, 33.7618], [-83.1187, 33.6988], [-83.0482, 33.7141], [-83.0079, 33.6899], [-82.9956, 33.6936], [-82.9637, 33.6768], [-82.9507, 33.6608], [-82.9705, 33.6417], [-82.9801, 33.6147], [-82.9877, 33.6289], [-83.0016, 33.6202], [-82.9899, 33.6033], [-83.0109, 33.5856], [-83.014, 33.5804], [-82.987, 33.518], [-82.9856, 33.4898], [-83.0129, 33.4692], [-83.1642, 33.355], [-83.17, 33.3707], [-83.1781, 33.3803], [-83.1979, 33.3953], [-83.2241, 33.3799], [-83.2127, 33.4004], [-83.2442, 33.3992], [-83.2397, 33.4184], [-83.2617, 33.4432], [-83.257, 33.4553], [-83.2749, 33.4641], [-83.2799, 33.4834], [-83.2809, 33.5221], [-83.2696, 33.5344], [-83.2784, 33.5446], [-83.3108, 33.563], [-83.338, 33.5974], [-83.3488, 33.5972], [-83.3479, 33.6088], [-83.3595, 33.6223], [-83.3598, 33.6258], [-83.3625, 33.64], [-83.384, 33.6666], [-83.3948, 33.6903], [-83.4062, 33.6983]]]}}, {"type": "Feature", "properties": {"county_fips": "13285", "county": "Troup", "population_2025": 72844, "births_2025": 940, "anesthesiologists": 5, "anesthesiologist_assistants": 0, "crnas": 7, "pediatric_anesthesiologists": 0, "total_providers": 12, "physician_anesthesiologists": 5, "providers_per_100k": 16.5, "physicians_per_100k": 6.9, "also_serves_providers": 0, "hospitals": 1, "surgical_hospitals": 1, "cms_ob_hospitals": 1, "critical_access_hospitals": 0, "rural_emergency_hospitals": 0, "dch_ob_county": true, "has_ob_services": true, "no_providers": false, "surgery_but_no_providers": false, "ob_but_no_physician": false}, "geometry": {"type": "Polygon", "coordinates": [[[-85.2366, 33.1295], [-85.1174, 33.1637], [-85.108, 33.1951], [-85.0877, 33.1866], [-85.088, 33.1717], [-85.0645, 33.1785], [-85.0447, 33.182], [-85.0408, 33.1883], [-84.9904, 33.2062], [-84.939, 33.2247], [-84.8943, 33.2242], [-84.8621, 33.2239], [-84.872, 33.2074], [-84.8624, 33.1912], [-84.8633, 33.0971], [-84.8634, 33.0821], [-84.8634, 33.0377], [-84.8641, 32.9956], [-84.8641, 32.9797], [-84.8645, 32.9608], [-84.8615, 32.9608], [-84.8618, 32.8725], [-84.8619, 32.8686], [-85.0351, 32.8696], [-85.0994, 32.8666], [-85.1088, 32.8702], [-85.1858, 32.8703], [-85.1863, 32.8738], [-85.1888, 32.8897], [-85.2026, 32.9588], [-85.2042, 32.9667], [-85.211, 33.0006], [-85.2219, 33.0555], [-85.2233, 33.0626], [-85.2324, 33.1081], [-85.2366, 33.1295]]]}}, {"type": "Feature", "properties": {"county_fips": "13317", "county": "Wilkes", "population_2025": 9540, "births_2025": 94, "anesthesiologists": 0, "anesthesiologist_assistants": 0, "crnas": 1, "pediatric_anesthesiologists": 0, "total_providers": 1, "physician_anesthesiologists": 0, "providers_per_100k": 10.5, "physicians_per_100k": 0.0, "also_serves_providers": 0, "hospitals": 1, "surgical_hospitals": 0, "cms_ob_hospitals": 0, "critical_access_hospitals": 1, "rural_emergency_hospitals": 0, "dch_ob_county": true, "has_ob_services": true, "no_providers": false, "surgery_but_no_providers": false, "ob_but_no_physician": true}, "geometry": {"type": "Polygon", "coordinates": [[[-82.9763, 33.8023], [-82.9616, 33.811], [-82.9468, 33.8427], [-82.9221, 33.8568], [-82.9123, 33.8772], [-82.8901, 33.8965], [-82.8746, 33.9218], [-82.8488, 33.9396], [-82.8102, 33.9455], [-82.7941, 33.9487], [-82.7795, 33.9711], [-82.7709, 33.9726], [-82.7536, 33.9723], [-82.7187, 33.9848], [-82.7017, 33.9813], [-82.6549, 33.9913], [-82.6455, 33.9842], [-82.6057, 33.8599], [-82.5777, 33.8747], [-82.5719, 33.8655], [-82.5946, 33.8284], [-82.5737, 33.7861], [-82.5443, 33.7407], [-82.4795, 33.6395], [-82.5072, 33.66], [-82.5252, 33.6447], [-82.5372, 33.6492], [-82.5443, 33.6386], [-82.5656, 33.6459], [-82.5735, 33.6395], [-82.5836, 33.6505], [-82.5867, 33.6405], [-82.6178, 33.6322], [-82.6237, 33.6194], [-82.617, 33.6122], [-82.6335, 33.6111], [-82.6435, 33.618], [-82.6497, 33.6088], [-82.6523, 33.5962], [-82.68, 33.5998], [-82.6923, 33.62], [-82.7438, 33.6114], [-82.8051, 33.6475], [-82.8121, 33.6553], [-82.8503, 33.6396], [-82.8693, 33.6424], [-82.8797, 33.6207], [-82.8906, 33.6329], [-82.9382, 33.7147], [-82.949, 33.7333], [-82.9873, 33.7807], [-82.9763, 33.8023]]]}}, {"type": "Feature", "properties": {"county_fips": "13045", "county": "Carroll", "population_2025": 131036, "births_2025": 1621, "anesthesiologists": 13, "anesthesiologist_assistants": 0, "crnas": 43, "pediatric_anesthesiologists": 0, "total_providers": 56, "physician_anesthesiologists": 13, "providers_per_100k": 42.7, "physicians_per_100k": 9.9, "also_serves_providers": 1, "hospitals": 2, "surgical_hospitals": 2, "cms_ob_hospitals": 2, "critical_access_hospitals": 0, "rural_emergency_hospitals": 0, "dch_ob_county": true, "has_ob_services": true, "no_providers": false, "surgery_but_no_providers": false, "ob_but_no_physician": false}, "geometry": {"type": "Polygon", "coordinates": [[[-85.3382, 33.6531], [-85.2897, 33.6521], [-85.2684, 33.6589], [-85.2356, 33.6699], [-85.1773, 33.6881], [-85.139, 33.7], [-85.1068, 33.6946], [-85.0509, 33.7146], [-85.0505, 33.7323], [-85.049, 33.8123], [-85.0379, 33.8119], [-84.9721, 33.7998], [-84.9017, 33.7807], [-84.902, 33.7483], [-84.9023, 33.7306], [-84.9109, 33.731], [-84.9109, 33.7302], [-84.9016, 33.722], [-84.9017, 33.7035], [-84.9023, 33.6745], [-84.9025, 33.6611], [-84.9035, 33.6399], [-84.9049, 33.6052], [-84.9056, 33.5852], [-84.9014, 33.5734], [-84.8243, 33.5766], [-84.8089, 33.5741], [-84.8323, 33.5453], [-84.8159, 33.5202], [-84.8507, 33.5115], [-84.8553, 33.4959], [-84.8789, 33.4906], [-84.9088, 33.4692], [-84.9298, 33.443], [-84.9541, 33.4392], [-84.9855, 33.4569], [-84.995, 33.4362], [-85.0125, 33.4305], [-85.0154, 33.4255], [-85.1975, 33.4272], [-85.294, 33.4281], [-85.3045, 33.4829], [-85.314, 33.5298], [-85.3141, 33.5302], [-85.315, 33.5359], [-85.3154, 33.5376], [-85.3382, 33.6531]]]}}, {"type": "Feature", "properties": {"county_fips": "13137", "county": "Habersham", "population_2025": 50416, "births_2025": 524, "anesthesiologists": 1, "anesthesiologist_assistants": 0, "crnas": 11, "pediatric_anesthesiologists": 0, "total_providers": 12, "physician_anesthesiologists": 1, "providers_per_100k": 23.8, "physicians_per_100k": 2.0, "also_serves_providers": 0, "hospitals": 1, "surgical_hospitals": 1, "cms_ob_hospitals": 1, "critical_access_hospitals": 0, "rural_emergency_hospitals": 0, "dch_ob_county": true, "has_ob_services": true, "no_providers": false, "surgery_but_no_providers": false, "ob_but_no_physician": false}, "geometry": {"type": "Polygon", "coordinates": [[[-83.6664, 34.807], [-83.6522, 34.823], [-83.6131, 34.822], [-83.6016, 34.8266], [-83.5869, 34.82], [-83.5762, 34.7955], [-83.5566, 34.7851], [-83.5622, 34.7811], [-83.549, 34.7495], [-83.5128, 34.7317], [-83.5035, 34.7343], [-83.4789, 34.7239], [-83.4312, 34.7473], [-83.4037, 34.7289], [-83.3904, 34.7356], [-83.3862, 34.7362], [-83.3525, 34.7161], [-83.3525, 34.716], [-83.3514, 34.7145], [-83.351, 34.7132], [-83.3498, 34.7083], [-83.3477, 34.7055], [-83.3478, 34.7037], [-83.3496, 34.701], [-83.35, 34.6992], [-83.3494, 34.6976], [-83.3478, 34.6961], [-83.3447, 34.6935], [-83.3424, 34.6913], [-83.3404, 34.689], [-83.3394, 34.687], [-83.3393, 34.6867], [-83.365, 34.6753], [-83.387, 34.631], [-83.4147, 34.574], [-83.422, 34.559], [-83.4584, 34.4839], [-83.4614, 34.4816], [-83.5184, 34.4894], [-83.5375, 34.4917], [-83.5524, 34.4858], [-83.5854, 34.453], [-83.6074, 34.444], [-83.6152, 34.4317], [-83.6385, 34.4642], [-83.6664, 34.5036], [-83.6664, 34.5036], [-83.667, 34.5076], [-83.6556, 34.518], [-83.6167, 34.5415], [-83.6164, 34.5473], [-83.6155, 34.5531], [-83.6388, 34.58], [-83.6457, 34.605], [-83.6382, 34.6224], [-83.6629, 34.6594], [-83.6561, 34.6623], [-83.6482, 34.6678], [-83.6452, 34.6692], [-83.6392, 34.7114], [-83.6233, 34.7322], [-83.6283, 34.7634], [-83.6816, 34.8009], [-83.6664, 34.807]]]}}, {"type": "Feature", "properties": {"county_fips": "13239", "county": "Quitman", "population_2025": 2254, "births_2025": 19, "anesthesiologists": 0, "anesthesiologist_assistants": 0, "crnas": 0, "pediatric_anesthesiologists": 0, "total_providers": 0, "physician_anesthesiologists": 0, "providers_per_100k": 0.0, "physicians_per_100k": 0.0, "also_serves_providers": 0, "hospitals": 0, "surgical_hospitals": 0, "cms_ob_hospitals": 0, "critical_access_hospitals": 0, "rural_emergency_hospitals": 0, "dch_ob_county": false, "has_ob_services": false, "no_providers": true, "surgery_but_no_providers": false, "ob_but_no_physician": false}, "geometry": {"type": "Polygon", "coordinates": [[[-85.1418, 31.8393], [-85.1298, 31.8835], [-85.1282, 31.8852], [-85.1199, 31.8933], [-85.0821, 31.9447], [-85.0753, 31.9639], [-85.0632, 31.9919], [-85.0419, 31.9848], [-85.042, 31.9757], [-84.9537, 31.9748], [-84.954, 31.9668], [-84.9737, 31.9593], [-84.9741, 31.9502], [-84.9549, 31.9503], [-84.9552, 31.9423], [-84.9358, 31.9418], [-84.9361, 31.9338], [-84.9172, 31.9331], [-84.907, 31.9245], [-84.9091, 31.8436], [-84.9103, 31.7768], [-84.9586, 31.7779], [-85.0265, 31.7789], [-85.0739, 31.7714], [-85.1338, 31.7804], [-85.1365, 31.789], [-85.1312, 31.8153], [-85.1325, 31.8181], [-85.1418, 31.8393]]]}}, {"type": "Feature", "properties": {"county_fips": "13015", "county": "Bartow", "population_2025": 120800, "births_2025": 1392, "anesthesiologists": 6, "anesthesiologist_assistants": 0, "crnas": 17, "pediatric_anesthesiologists": 0, "total_providers": 23, "physician_anesthesiologists": 6, "providers_per_100k": 19.0, "physicians_per_100k": 5.0, "also_serves_providers": 5, "hospitals": 1, "surgical_hospitals": 1, "cms_ob_hospitals": 1, "critical_access_hospitals": 0, "rural_emergency_hospitals": 0, "dch_ob_county": true, "has_ob_services": true, "no_providers": false, "surgery_but_no_providers": false, "ob_but_no_physician": false}, "geometry": {"type": "Polygon", "coordinates": [[[-85.0469, 34.0964], [-85.0464, 34.1179], [-85.0452, 34.1838], [-85.0449, 34.2073], [-85.0238, 34.2134], [-85.0241, 34.2462], [-85.0156, 34.2511], [-85.0235, 34.2755], [-85.0232, 34.3053], [-85.0233, 34.3169], [-85.0231, 34.3471], [-85.0052, 34.3471], [-85.0058, 34.3924], [-84.9888, 34.3846], [-84.9539, 34.3842], [-84.9348, 34.3987], [-84.9194, 34.3987], [-84.8963, 34.3963], [-84.8629, 34.3966], [-84.8372, 34.3977], [-84.8259, 34.3976], [-84.7341, 34.3965], [-84.7339, 34.413], [-84.6532, 34.4126], [-84.654, 34.3552], [-84.6443, 34.3552], [-84.6461, 34.3468], [-84.654, 34.3469], [-84.6537, 34.2275], [-84.6559, 34.2139], [-84.6577, 34.2027], [-84.6579, 34.1425], [-84.6592, 34.0782], [-84.6764, 34.0785], [-84.6905, 34.0786], [-84.6929, 34.0787], [-84.7294, 34.0791], [-84.7378, 34.0793], [-84.7407, 34.0824], [-84.8394, 34.0825], [-84.8803, 34.0826], [-84.9144, 34.0753], [-84.9227, 34.0825], [-85.047, 34.0829], [-85.0469, 34.0964]]]}}, {"type": "Feature", "properties": {"county_fips": "13049", "county": "Charlton", "population_2025": 13121, "births_2025": 132, "anesthesiologists": 0, "anesthesiologist_assistants": 0, "crnas": 0, "pediatric_anesthesiologists": 0, "total_providers": 0, "physician_anesthesiologists": 0, "providers_per_100k": 0.0, "physicians_per_100k": 0.0, "also_serves_providers": 0, "hospitals": 0, "surgical_hospitals": 0, "cms_ob_hospitals": 0, "critical_access_hospitals": 0, "rural_emergency_hospitals": 0, "dch_ob_county": false, "has_ob_services": false, "no_providers": true, "surgery_but_no_providers": false, "ob_but_no_physician": false}, "geometry": {"type": "Polygon", "coordinates": [[[-82.4153, 30.9468], [-82.4156, 31.0136], [-82.3425, 31.0134], [-82.1317, 31.0107], [-82.0831, 31.0104], [-82.0802, 31.0139], [-82.0609, 31.0758], [-81.936, 31.048], [-81.906, 31.0397], [-81.9071, 30.9991], [-81.9174, 30.9877], [-81.9146, 30.976], [-81.892, 30.9605], [-81.9143, 30.9109], [-81.8921, 30.9099], [-81.9049, 30.8283], [-81.9024, 30.8208], [-81.9038, 30.819], [-81.9063, 30.817], [-81.9109, 30.8159], [-81.9245, 30.8176], [-81.9347, 30.8204], [-81.9355, 30.8211], [-81.9384, 30.8257], [-81.9432, 30.8274], [-81.9498, 30.8275], [-81.9598, 30.8212], [-81.9621, 30.8182], [-81.9622, 30.818], [-81.9628, 30.8136], [-81.9625, 30.8084], [-81.962, 30.8004], [-81.9626, 30.7965], [-81.9739, 30.7785], [-81.9789, 30.7765], [-81.9791, 30.7764], [-81.9813, 30.7768], [-81.9886, 30.7801], [-81.9909, 30.7816], [-81.995, 30.7861], [-82.005, 30.7917], [-82.0079, 30.7929], [-82.0167, 30.7917], [-82.0171, 30.7917], [-82.0229, 30.788], [-82.0239, 30.7867], [-82.0241, 30.7832], [-82.0179, 30.7758], [-82.0116, 30.7631], [-82.0127, 30.7613], [-82.0179, 30.7553], [-82.0284, 30.751], [-82.0327, 30.7507], [-82.036, 30.751], [-82.039, 30.7493], [-82.0397, 30.7477], [-82.04, 30.7375], [-82.0412, 30.7342], [-82.0438, 30.7296], [-82.041, 30.7251], [-82.0392, 30.7232], [-82.0376, 30.7186], [-82.0364, 30.7066], [-82.0418, 30.6924], [-82.0505, 30.6763], [-82.0495, 30.6555], [-82.0461, 30.6518], [-82.0423, 30.6494], [-82.0396, 30.6433], [-82.0391, 30.6411], [-82.04, 30.6371], [-82.0376, 30.6333], [-82.0339, 30.6296], [-82.0285, 30.6218], [-82.0266, 30.6133], [-82.0274, 30.6067], [-82.027, 30.6061], [-82.0204, 30.6039], [-82.0165, 30.6025], [-82.0157, 30.6017], [-82.0121, 30.5938], [-82.0081, 30.577], [-82.0055, 30.5635], [-82.0132, 30.5501], [-82.0184, 30.5312], [-82.0189, 30.5238], [-82.0177, 30.521], [-82.017, 30.5193], [-82.0158, 30.5182], [-82.0148, 30.513], [-82.0159, 30.4955], [-82.0182, 30.4921], [-82.0173, 30.4876], [-82.017, 30.4788], [-82.0178, 30.4751], [-82.0238, 30.4673], [-82.0255, 30.4577], [-82.0282, 30.4474], [-82.0301, 30.4448], [-82.0362, 30.4384], [-82.0372, 30.4345], [-82.0345, 30.428], [-82.034, 30.4223], [-82.04, 30.4143], [-82.0412, 30.41], [-82.042, 30.4033], [-82.0412, 30.3968], [-82.0359, 30.3853], [-82.0368, 30.3779], [-82.0408, 30.3701], [-82.0479, 30.3633], [-82.05, 30.3624], [-82.0501, 30.3623], [-82.0601, 30.3603], [-82.0686, 30.3592], [-82.0811, 30.3588], [-82.0947, 30.3608], [-82.1001, 30.3642], [-82.1018, 30.3653], [-82.1014, 30.3665], [-82.1025, 30.3678], [-82.1049, 30.3683], [-82.1164, 30.3673], [-82.1433, 30.3634], [-82.1581, 30.3599], [-82.1618, 30.3578], [-82.1652, 30.358], [-82.1701, 30.3589], [-82.1715, 30.3599], [-82.172, 30.3603], [-82.18, 30.3686], [-82.1838, 30.3737], [-82.1899, 30.3759], [-82.193, 30.3788], [-82.2042, 30.4013], [-82.2103, 30.4246], [-82.2099, 30.4328], [-82.2065, 30.4371], [-82.204, 30.4445], [-82.2048, 30.4518], [-82.2061, 30.4555], [-82.2075, 30.4569], [-82.2077, 30.4605], [-82.2046, 30.4689], [-82.201, 30.4744], [-82.2014, 30.4852], [-82.2065, 30.4919], [-82.2129, 30.4987], [-82.2185, 30.5042], [-82.2251, 30.5078], [-82.227, 30.5103], [-82.2304, 30.5173], [-82.2294, 30.5208], [-82.2308, 30.5267], [-82.235, 30.5331], [-82.2358, 30.5372], [-82.2356, 30.5449], [-82.2319, 30.5563], [-82.2273, 30.561], [-82.2231, 30.5632], [-82.2186, 30.5644], [-82.2144, 30.5669], [-82.2148, 30.5685], [-82.1499, 30.7843], [-82.1584, 30.7863], [-82.1782, 30.791], [-82.4204, 30.7952], [-82.4153, 30.9468]]]}}, {"type": "Feature", "properties": {"county_fips": "13269", "county": "Taylor", "population_2025": 7818, "births_2025": 91, "anesthesiologists": 0, "anesthesiologist_assistants": 0, "crnas": 0, "pediatric_anesthesiologists": 0, "total_providers": 0, "physician_anesthesiologists": 0, "providers_per_100k": 0.0, "physicians_per_100k": 0.0, "also_serves_providers": 0, "hospitals": 0, "surgical_hospitals": 0, "cms_ob_hospitals": 0, "critical_access_hospitals": 0, "rural_emergency_hospitals": 0, "dch_ob_county": false, "has_ob_services": false, "no_providers": true, "surgery_but_no_providers": false, "ob_but_no_physician": false}, "geometry": {"type": "MultiPolygon", "coordinates": [[[[-84.0533, 32.522], [-84.0085, 32.5218], [-84.0166, 32.5117], [-84.0181, 32.5064], [-84.0208, 32.4973], [-84.0343, 32.5135], [-84.0536, 32.5133], [-84.0533, 32.522]]], [[[-84.4444, 32.5621], [-84.4089, 32.5619], [-84.4084, 32.6105], [-84.3912, 32.6193], [-84.3715, 32.6462], [-84.3738, 32.6468], [-84.3642, 32.6794], [-84.3389, 32.679], [-84.3379, 32.7206], [-84.3223, 32.7212], [-84.2887, 32.7362], [-84.2862, 32.7476], [-84.2627, 32.7393], [-84.2564, 32.7227], [-84.2358, 32.7383], [-84.2365, 32.7218], [-84.2203, 32.7209], [-84.2026, 32.69], [-84.1742, 32.6777], [-84.1457, 32.6853], [-84.1276, 32.6745], [-84.1051, 32.6847], [-84.105, 32.6734], [-84.0732, 32.6356], [-84.0568, 32.6365], [-84.0718, 32.6169], [-84.0676, 32.6121], [-84.0713, 32.5983], [-84.0509, 32.5653], [-84.0034, 32.5299], [-84.053, 32.5306], [-84.0533, 32.522], [-84.0723, 32.5142], [-84.1112, 32.5141], [-84.1474, 32.4711], [-84.1978, 32.401], [-84.2486, 32.4004], [-84.2546, 32.3721], [-84.3238, 32.3725], [-84.3233, 32.3978], [-84.3632, 32.3976], [-84.3624, 32.428], [-84.3818, 32.428], [-84.3923, 32.414], [-84.3921, 32.4353], [-84.4086, 32.4439], [-84.4078, 32.4853], [-84.4336, 32.4932], [-84.4335, 32.5187], [-84.4532, 32.5343], [-84.4444, 32.5621]]]]}}, {"type": "Feature", "properties": {"county_fips": "13263", "county": "Talbot", "population_2025": 5709, "births_2025": 47, "anesthesiologists": 0, "anesthesiologist_assistants": 0, "crnas": 0, "pediatric_anesthesiologists": 0, "total_providers": 0, "physician_anesthesiologists": 0, "providers_per_100k": 0.0, "physicians_per_100k": 0.0, "also_serves_providers": 0, "hospitals": 0, "surgical_hospitals": 0, "cms_ob_hospitals": 0, "critical_access_hospitals": 0, "rural_emergency_hospitals": 0, "dch_ob_county": false, "has_ob_services": false, "no_providers": true, "surgery_but_no_providers": false, "ob_but_no_physician": false}, "geometry": {"type": "Polygon", "coordinates": [[[-84.7032, 32.7007], [-84.6933, 32.7225], [-84.6829, 32.7228], [-84.6829, 32.7304], [-84.6931, 32.7388], [-84.6927, 32.7552], [-84.6924, 32.8294], [-84.7005, 32.8446], [-84.6771, 32.8447], [-84.5749, 32.8452], [-84.5075, 32.8772], [-84.5069, 32.8818], [-84.4755, 32.8763], [-84.4892, 32.8623], [-84.4673, 32.853], [-84.4566, 32.8287], [-84.4427, 32.8252], [-84.4342, 32.8381], [-84.4149, 32.8345], [-84.4029, 32.8127], [-84.391, 32.787], [-84.3556, 32.7736], [-84.3503, 32.7824], [-84.3386, 32.7614], [-84.3163, 32.7556], [-84.3028, 32.7614], [-84.2862, 32.7476], [-84.2887, 32.7362], [-84.3223, 32.7212], [-84.3379, 32.7206], [-84.3389, 32.679], [-84.3642, 32.6794], [-84.3738, 32.6468], [-84.3715, 32.6462], [-84.3912, 32.6193], [-84.4084, 32.6105], [-84.4089, 32.5619], [-84.4444, 32.5621], [-84.4921, 32.562], [-84.4918, 32.5483], [-84.5048, 32.5418], [-84.551, 32.5427], [-84.5538, 32.5487], [-84.566, 32.5401], [-84.5614, 32.5281], [-84.5849, 32.5229], [-84.6049, 32.535], [-84.6215, 32.5298], [-84.6373, 32.5349], [-84.6786, 32.5189], [-84.6945, 32.5187], [-84.68, 32.5315], [-84.6795, 32.5358], [-84.6675, 32.5639], [-84.6947, 32.5637], [-84.6946, 32.5839], [-84.6943, 32.6474], [-84.6939, 32.686], [-84.7032, 32.7007]]]}}]}